,Augsburg,Bayern Munich,Bochum,Darmstadt,Dortmund,Ein Frankfurt,FC Koln,Freiburg,Heidenheim,Hoffenheim,Leverkusen,M'gladbach,Mainz,RB Leipzig,Stuttgart,Union Berlin,Werder Bremen,Wolfsburg
1,0.001,0.521,0.0005,0.00375,0.259,0.0085,0.00225,0.01175,0.00225,0.0025,0.0335,0.004,0.0055,0.10975,0.00225,0.01975,0.00075,0.012
2,0.00025,0.6055,0.0,0.0005,0.232,0.00675,0.00225,0.0165,0.0005,0.0005,0.0395,0.0025,0.001,0.06125,0.0035,0.01875,0.00025,0.0085
3,0.0,0.5925,0.00025,0.0,0.18075,0.00475,0.00075,0.018,0.00025,0.00225,0.066,0.0005,0.00025,0.08875,0.00025,0.0295,0.00025,0.015
4,0.0,0.64725,0.0,0.0,0.0955,0.003,0.0,0.0055,0.0005,0.002,0.073,0.0005,0.0,0.148,0.0035,0.012,0.0,0.00925
5,0.0,0.557,0.0,0.0,0.14925,0.00075,0.0005,0.003,0.00125,0.0045,0.08625,0.00025,0.0,0.175,0.00475,0.0075,0.0,0.01
6,0.0,0.59425,0.0,0.0,0.123,0.00125,0.0,0.0015,0.00025,0.00475,0.0715,0.0005,0.0,0.19,0.0045,0.00175,0.00025,0.0065
7,0.0,0.5625,0.0,0.0,0.16425,0.001,0.0,0.002,0.0005,0.002,0.11425,0.00025,0.0,0.13725,0.0065,0.00025,0.0,0.00925
8,0.0,0.5795,0.0,0.00025,0.16875,0.0,0.0,0.0005,0.0,0.00425,0.14625,0.0,0.0,0.084,0.01325,0.0005,0.0,0.00275
9,0.0,0.623,0.0,0.0,0.125,0.0005,0.0,0.00075,0.0,0.0005,0.15975,0.0,0.0,0.07525,0.01375,0.0,0.0,0.0015
10,0.0,0.66675,0.0,0.0,0.09275,0.0,0.0,0.00025,0.0,0.0,0.14225,0.0,0.0,0.0925,0.00525,0.0,0.0,0.00025
11,0.0,0.79425,0.0,0.0,0.03225,0.0005,0.0,0.0,0.0,0.0,0.14025,0.0,0.0,0.03125,0.0015,0.0,0.0,0.0
12,0.0,0.731,0.0,0.0,0.014,0.0,0.0,0.0,0.0,0.00025,0.21625,0.0,0.0,0.0365,0.002,0.0,0.0,0.0
13,0.0,0.7315,0.0,0.0,0.01325,0.00025,0.0,0.0,0.0,0.0,0.2395,0.0,0.0,0.0135,0.002,0.0,0.0,0.0
14,0.0,0.77925,0.0,0.0,0.00725,0.0,0.0,0.0,0.0,0.0,0.19425,0.0,0.0,0.0155,0.00375,0.0,0.0,0.0
15,0.0,0.661,0.0,0.0,0.00925,0.0,0.0,0.0,0.0,0.0,0.27575,0.0,0.0,0.04875,0.00525,0.0,0.0,0.0
16,0.0,0.68525,0.0,0.0,0.0025,0.0,0.0,0.0,0.0,0.0,0.2745,0.0,0.0,0.0355,0.00225,0.0,0.0,0.0
17,0.0,0.68825,0.0,0.0,0.0,0.0,0.0,0.0,0.0,0.0,0.29025,0.0,0.0,0.0195,0.002,0.0,0.0,0.0
18,0.0,0.66875,0.0,0.0,0.0005,0.0,0.0,0.0,0.0,0.0,0.32625,0.0,0.0,0.00275,0.00175,0.0,0.0,0.0
19,0.0,0.44225,0.0,0.0,0.002,0.0,0.0,0.0,0.0,0.0,0.55425,0.0,0.0,0.0015,0.0,0.0,0.0,0.0
20,0.0,0.5665,0.0,0.0,0.0025,0.0,0.0,0.0,0.0,0.0,0.43,0.0,0.0,0.0005,0.0005,0.0,0.0,0.0
21,0.0,0.55075,0.0,0.0,0.00025,0.0,0.0,0.0,0.0,0.0,0.44825,0.0,0.0,0.0,0.00075,0.0,0.0,0.0
22,0.0,0.33,0.0,0.0,0.001,0.0,0.0,0.0,0.0,0.0,0.6665,0.0,0.0,0.00075,0.00175,0.0,0.0,0.0
23,0.0,0.16675,0.0,0.0,0.0005,0.0,0.0,0.0,0.0,0.0,0.8315,0.0,0.0,0.0,0.00125,0.0,0.0,0.0
24,0.0,0.16825,0.0,0.0,0.00025,0.0,0.0,0.0,0.0,0.0,0.83125,0.0,0.0,0.0,0.00025,0.0,0.0,0.0
25,0.0,0.07875,0.0,0.0,0.0,0.0,0.0,0.0,0.0,0.0,0.921,0.0,0.0,0.0,0.00025,0.0,0.0,0.0
26,0.0,0.0755,0.0,0.0,0.0,0.0,0.0,0.0,0.0,0.0,0.92425,0.0,0.0,0.0,0.00025,0.0,0.0,0.0
27,0.0,0.045,0.0,0.0,0.0,0.0,0.0,0.0,0.0,0.0,0.955,0.0,0.0,0.0,0.0,0.0,0.0,0.0
28,0.0,0.00825,0.0,0.0,0.0,0.0,0.0,0.0,0.0,0.0,0.99175,0.0,0.0,0.0,0.0,0.0,0.0,0.0
29,0.0,0.00025,0.0,0.0,0.0,0.0,0.0,0.0,0.0,0.0,0.99975,0.0,0.0,0.0,0.0,0.0,0.0,0.0
30,0.0,0.0,0.0,0.0,0.0,0.0,0.0,0.0,0.0,0.0,1.0,0.0,0.0,0.0,0.0,0.0,0.0,0.0
31,0.0,0.0,0.0,0.0,0.0,0.0,0.0,0.0,0.0,0.0,1.0,0.0,0.0,0.0,0.0,0.0,0.0,0.0
32,0.0,0.0,0.0,0.0,0.0,0.0,0.0,0.0,0.0,0.0,1.0,0.0,0.0,0.0,0.0,0.0,0.0,0.0
33,0.0,0.0,0.0,0.0,0.0,0.0,0.0,0.0,0.0,0.0,1.0,0.0,0.0,0.0,0.0,0.0,0.0,0.0
34,0.0,0.0,0.0,0.0,0.0,0.0,0.0,0.0,0.0,0.0,1.0,0.0,0.0,0.0,0.0,0.0,0.0,0.0
