MatchID,Matchday,Kickoff,HomeTeam,AwayTeam,pH,pD,pA,xG_home,xG_away,drv_base,drv_home_adv,drv_home_attack,drv_away_defence,drv_away_attack,drv_home_defence,ml_pH,ml_pD,ml_pA
83192,5,2026-10-09 20:30:00,Dortmund,Werder Bremen,0.6897,0.1930,0.1173,2.3317,0.8817,0.3063,0.2270,0.2552,0.0581,-0.1309,-0.3014,0.8185,0.1071,0.0744
83196,5,2026-10-10 15:30:00,Augsburg,Bayern Munich,0.1369,0.1735,0.6896,1.1945,2.7242,0.3063,0.2270,-0.0639,-0.2917,0.6639,0.0320,0.1874,0.1038,0.7088
83194,5,2026-10-10 15:30:00,Hoffenheim,Hamburg,0.5760,0.2244,0.1996,2.1198,1.1962,0.3063,0.2270,0.1070,0.1110,-0.2362,0.1091,0.5831,0.2603,0.1565
83197,5,2026-10-10 15:30:00,Mainz,Leverkusen,0.3204,0.2606,0.4190,1.4155,1.6422,0.3063,0.2270,-0.0168,-0.1690,0.2541,-0.0644,0.2861,0.3242,0.3897
83200,5,2026-10-10 15:30:00,Paderborn,Stuttgart,0.2132,0.2487,0.5381,1.0973,1.8459,0.3063,0.2270,-0.3838,-0.0566,0.2244,0.0823,0.2585,0.2320,0.5095
83198,5,2026-10-10 15:30:00,Union Berlin,Elversberg,0.4108,0.2582,0.3310,1.6505,1.4658,0.3063,0.2270,-0.1979,0.1657,-0.0622,0.1383,0.3533,0.3818,0.2649
83193,5,2026-10-10 18:30:00,RB Leipzig,Ein Frankfurt,0.5612,0.2166,0.2222,2.2448,1.3829,0.3063,0.2270,0.1697,0.1057,0.1338,-0.1159,0.5639,0.2024,0.2337
83199,5,2026-10-11 15:30:00,FC Koln,M'gladbach,0.4399,0.2507,0.3094,1.7692,1.4613,0.3063,0.2270,-0.0974,0.1347,-0.0772,0.1502,0.4005,0.2791,0.3204
83195,5,2026-10-11 17:30:00,Freiburg,Schalke 04,0.5863,0.2465,0.1672,1.8340,0.8872,0.3063,0.2270,0.0419,0.0314,-0.4033,-0.0227,0.6445,0.2728,0.0827
83203,6,2026-10-16 20:30:00,Ein Frankfurt,FC Koln,0.5680,0.2149,0.2170,2.2643,1.3696,0.3063,0.2270,0.1338,0.1502,-0.0974,0.1057,0.5768,0.2701,0.1531
83209,6,2026-10-17 15:30:00,Elversberg,Augsburg,0.4039,0.2565,0.3396,1.6538,1.5040,0.3063,0.2270,-0.0622,0.0320,-0.0639,0.1657,0.3548,0.2826,0.3627
83206,6,2026-10-17 15:30:00,Hamburg,Stuttgart,0.2453,0.2439,0.5108,1.2719,1.8998,0.3063,0.2270,-0.2362,-0.0566,0.2244,0.1110,0.3342,0.2528,0.4130
83208,6,2026-10-17 15:30:00,Schalke 04,Mainz,0.2782,0.2950,0.4269,1.0678,1.3783,0.3063,0.2270,-0.4033,-0.0644,-0.0168,0.0314,0.3662,0.2876,0.3463
83204,6,2026-10-17 15:30:00,Union Berlin,Dortmund,0.1784,0.2311,0.5904,1.0346,2.0135,0.3063,0.2270,-0.1979,-0.3014,0.2552,0.1383,0.1580,0.1443,0.6977
83207,6,2026-10-17 15:30:00,Werder Bremen,Paderborn,0.5122,0.2713,0.2165,1.6237,0.9807,0.3063,0.2270,-0.1309,0.0823,-0.3838,0.0581,0.4774,0.3242,0.1984
83201,6,2026-10-17 18:30:00,Bayern Munich,RB Leipzig,0.7232,0.1568,0.1200,2.9485,1.2023,0.3063,0.2270,0.6639,-0.1159,0.1697,-0.2917,0.6674,0.2711,0.0615
83202,6,2026-10-18 15:30:00,Leverkusen,Freiburg,0.5820,0.2219,0.1961,2.1483,1.1962,0.3063,0.2270,0.2541,-0.0227,0.0419,-0.1690,0.6549,0.1658,0.1792
83205,6,2026-10-18 17:30:00,M'gladbach,Hoffenheim,0.3853,0.2417,0.3730,1.7598,1.7297,0.3063,0.2270,-0.0772,0.1091,0.1070,0.1347,0.2853,0.2642,0.4505
83212,7,2026-10-23 20:30:00,Stuttgart,M'gladbach,0.6414,0.1964,0.1623,2.4409,1.1883,0.3063,0.2270,0.2244,0.1347,-0.0772,-0.0566,0.7053,0.1554,0.1393
83215,7,2026-10-24 15:30:00,Augsburg,Union Berlin,0.5234,0.2498,0.2268,1.8363,1.1508,0.3063,0.2270,-0.0639,0.1383,-0.1979,0.0320,0.5691,0.2344,0.1964
83217,7,2026-10-24 15:30:00,FC Koln,Schalke 04,0.4873,0.2737,0.2390,1.5955,1.0547,0.3063,0.2270,-0.0974,0.0314,-0.4033,0.1502,0.3530,0.3025,0.3445
83216,7,2026-10-24 15:30:00,Mainz,Werder Bremen,0.5170,0.2554,0.2276,1.7763,1.1174,0.3063,0.2270,-0.0168,0.0581,-0.1309,-0.0644,0.6093,0.2530,0.1377
83218,7,2026-10-24 15:30:00,Paderborn,Hamburg,0.3831,0.2975,0.3194,1.2976,1.1646,0.3063,0.2270,-0.3838,0.1110,-0.2362,0.0823,0.3808,0.2704,0.3488
83211,7,2026-10-24 15:30:00,RB Leipzig,Elversberg,0.6419,0.1996,0.1586,2.3836,1.1368,0.3063,0.2270,0.1697,0.1657,-0.0622,-0.1159,0.6536,0.1868,0.1596
83210,7,2026-10-24 18:30:00,Dortmund,Ein Frankfurt,0.6507,0.1946,0.1546,2.4453,1.1488,0.3063,0.2270,0.2552,0.1057,0.1338,-0.3014,0.7948,0.1315,0.0737
83213,7,2026-10-25 15:30:00,Hoffenheim,Leverkusen,0.3110,0.2355,0.4534,1.6020,1.9533,0.3063,0.2270,0.1070,-0.1690,0.2541,0.1091,0.2551,0.2805,0.4645
83214,7,2026-10-25 17:30:00,Freiburg,Bayern Munich,0.1732,0.1896,0.6372,1.3277,2.5791,0.3063,0.2270,0.0419,-0.2917,0.6639,-0.0227,0.2825,0.2524,0.4651
83227,8,2026-10-30 20:30:00,Elversberg,Mainz,0.3532,0.2611,0.3857,1.5018,1.5764,0.3063,0.2270,-0.0622,-0.0644,-0.0168,0.1657,0.3568,0.2819,0.3612
83222,8,2026-10-31 15:30:00,Augsburg,Freiburg,0.3902,0.2637,0.3461,1.5631,1.4626,0.3063,0.2270,-0.0639,-0.0227,0.0419,0.0320,0.3173,0.2548,0.4279
83220,8,2026-10-31 15:30:00,Leverkusen,Stuttgart,0.5147,0.2294,0.2559,2.0768,1.4358,0.3063,0.2270,0.2541,-0.0566,0.2244,-0.1690,0.6669,0.1819,0.1512
83224,8,2026-10-31 15:30:00,M'gladbach,Paderborn,0.5156,0.2617,0.2226,1.7133,1.0588,0.3063,0.2270,-0.0772,0.0823,-0.3838,0.1347,0.2968,0.3563,0.3469
83226,8,2026-10-31 15:30:00,Schalke 04,RB Leipzig,0.2194,0.2672,0.5134,1.0143,1.6608,0.3063,0.2270,-0.4033,-0.1159,0.1697,0.0314,0.2375,0.2199,0.5425
83225,8,2026-10-31 15:30:00,Werder Bremen,Hoffenheim,0.3881,0.2516,0.3603,1.6678,1.6022,0.3063,0.2270,-0.1309,0.1091,0.1070,0.0581,0.3240,0.3414,0.3346
83219,8,2026-10-31 18:30:00,Bayern Munich,Dortmund,0.6170,0.1993,0.1837,2.4492,1.3097,0.3063,0.2270,0.6639,-0.3014,0.2552,-0.2917,0.4523,0.3658,0.1820
83223,8,2026-11-01 15:30:00,Union Berlin,FC Koln,0.4150,0.2617,0.3233,1.6251,1.4151,0.3063,0.2270,-0.1979,0.1502,-0.0974,0.1383,0.3529,0.3316,0.3155
83221,8,2026-11-01 17:30:00,Ein Frankfurt,Hamburg,0.5889,0.2193,0.1918,2.1773,1.1922,0.3063,0.2270,0.1338,0.1110,-0.2362,0.1057,0.5841,0.2466,0.1693
83234,9,2026-11-06 20:30:00,Hamburg,M'gladbach,0.3960,0.2677,0.3363,1.5399,1.4052,0.3063,0.2270,-0.2362,0.1347,-0.0772,0.1110,0.4380,0.2385,0.3235
83228,9,2026-11-07 15:30:00,Dortmund,Elversberg,0.7211,0.1717,0.1072,2.5966,0.9443,0.3063,0.2270,0.2552,0.1657,-0.0622,-0.3014,0.8022,0.0968,0.1009
83233,9,2026-11-07 15:30:00,Mainz,Bayern Munich,0.1705,0.1957,0.6338,1.2520,2.4738,0.3063,0.2270,-0.0168,-0.2917,0.6639,-0.0644,0.3140,0.1675,0.5185
83236,9,2026-11-07 15:30:00,Paderborn,Ein Frankfurt,0.2827,0.2611,0.4562,1.2906,1.6860,0.3063,0.2270,-0.3838,0.1057,0.1338,0.0823,0.3381,0.2429,0.4190
83229,9,2026-11-07 15:30:00,RB Leipzig,Augsburg,0.5826,0.2264,0.1910,2.0854,1.1349,0.3063,0.2270,0.1697,0.0320,-0.0639,-0.1159,0.5511,0.1925,0.2564
83230,9,2026-11-07 18:30:00,Stuttgart,Werder Bremen,0.6206,0.2101,0.1693,2.2610,1.1262,0.3063,0.2270,0.2244,0.0581,-0.1309,-0.0566,0.5947,0.2296,0.1756
83235,9,2026-11-08 15:30:00,FC Koln,Leverkusen,0.2338,0.2327,0.5335,1.3058,2.0353,0.3063,0.2270,-0.0974,-0.1690,0.2541,0.1502,0.1920,0.2501,0.5579
83232,9,2026-11-08 17:30:00,Freiburg,Union Berlin,0.5836,0.2297,0.1867,2.0411,1.0895,0.3063,0.2270,0.0419,0.1383,-0.1979,-0.0227,0.6630,0.1938,0.1432
83231,9,2026-11-08 19:30:00,Hoffenheim,Schalke 04,0.5835,0.2363,0.1802,1.9574,1.0122,0.3063,0.2270,0.1070,0.0314,-0.4033,0.1091,0.5540,0.2489,0.1971
83237,10,2026-11-20 20:30:00,Bayern Munich,FC Koln,0.8722,0.0846,0.0432,3.8471,0.9205,0.3063,0.2270,0.6639,0.1502,-0.0974,-0.2917,0.6874,0.2581,0.0545
83239,10,2026-11-21 15:30:00,Ein Frankfurt,Hoffenheim,0.4854,0.2211,0.2935,2.1731,1.6803,0.3063,0.2270,0.1338,0.1091,0.1070,0.1057,0.4392,0.2812,0.2796
83245,10,2026-11-21 15:30:00,Elversberg,Freiburg,0.3510,0.2530,0.3960,1.5657,1.6717,0.3063,0.2270,-0.0622,-0.0227,0.0419,0.1657,0.3150,0.2617,0.4232
83238,10,2026-11-21 15:30:00,Leverkusen,Paderborn,0.7224,0.1815,0.0962,2.3862,0.7815,0.3063,0.2270,0.2541,0.0823,-0.3838,-0.1690,0.7500,0.1354,0.1146
83242,10,2026-11-21 15:30:00,M'gladbach,Dortmund,0.2077,0.2342,0.5581,1.1674,2.0061,0.3063,0.2270,-0.0772,-0.3014,0.2552,0.1347,0.1765,0.1159,0.7076
83241,10,2026-11-21 15:30:00,Union Berlin,RB Leipzig,0.2469,0.2484,0.5047,1.2455,1.8483,0.3063,0.2270,-0.1979,-0.1159,0.1697,0.1383,0.2606,0.2709,0.4685
83244,10,2026-11-21 18:30:00,Schalke 04,Stuttgart,0.2210,0.2576,0.5214,1.0762,1.7543,0.3063,0.2270,-0.4033,-0.0566,0.2244,0.0314,0.2594,0.2355,0.5051
83240,10,2026-11-22 15:30:00,Augsburg,Mainz,0.3911,0.2716,0.3373,1.4993,1.3792,0.3063,0.2270,-0.0639,-0.0644,-0.0168,0.0320,0.3991,0.2738,0.3271
83243,10,2026-11-22 17:30:00,Werder Bremen,Hamburg,0.4870,0.2653,0.2477,1.6710,1.1368,0.3063,0.2270,-0.1309,0.1110,-0.2362,0.0581,0.3812,0.3233,0.2955
83253,11,2026-11-27 20:30:00,Werder Bremen,M'gladbach,0.4531,0.2582,0.2887,1.7110,1.3327,0.3063,0.2270,-0.1309,0.1347,-0.0772,0.0581,0.4122,0.2941,0.2937
83252,11,2026-11-28 15:30:00,FC Koln,Elversberg,0.4484,0.2464,0.3052,1.8249,1.4833,0.3063,0.2270,-0.0974,0.1657,-0.0622,0.1502,0.3568,0.3572,0.2860
83251,11,2026-11-28 15:30:00,Hamburg,Bayern Munich,0.0923,0.1464,0.7613,1.0054,2.9482,0.3063,0.2270,-0.2362,-0.2917,0.6639,0.1110,0.0819,0.0912,0.8269
83250,11,2026-11-28 15:30:00,Mainz,Union Berlin,0.5684,0.2403,0.1913,1.9247,1.0450,0.3063,0.2270,-0.0168,0.1383,-0.1979,-0.0644,0.6464,0.1853,0.1684
83254,11,2026-11-28 15:30:00,Paderborn,Schalke 04,0.3951,0.3170,0.2879,1.1982,0.9854,0.3063,0.2270,-0.3838,0.0314,-0.4033,0.0823,0.3850,0.2477,0.3673
83247,11,2026-11-28 18:30:00,Stuttgart,Ein Frankfurt,0.5689,0.2081,0.2230,2.3711,1.4674,0.3063,0.2270,0.2244,0.1057,0.1338,-0.0566,0.5433,0.2034,0.2534
83249,11,2026-11-29 15:30:00,Freiburg,RB Leipzig,0.3734,0.2573,0.3693,1.5830,1.5734,0.3063,0.2270,0.0419,-0.1159,0.1697,-0.0227,0.4459,0.3075,0.2465
83248,11,2026-11-29 17:30:00,Hoffenheim,Augsburg,0.4918,0.2381,0.2701,1.9587,1.4212,0.3063,0.2270,0.1070,0.0320,-0.0639,0.1091,0.4339,0.2084,0.3578
83246,11,2026-11-29 19:30:00,Dortmund,Leverkusen,0.4959,0.2472,0.2569,1.8580,1.2957,0.3063,0.2270,0.2552,-0.1690,0.2541,-0.3014,0.5261,0.2115,0.2624
83260,12,2026-12-05 15:30:00,Augsburg,FC Koln,0.5011,0.2474,0.2516,1.8582,1.2724,0.3063,0.2270,-0.0639,0.1502,-0.0974,0.0320,0.5607,0.2656,0.1737
83255,12,2026-12-05 15:30:00,Bayern Munich,Paderborn,0.8844,0.0830,0.0326,3.5946,0.6913,0.3063,0.2270,0.6639,0.0823,-0.3838,-0.2917,0.6182,0.3077,0.0740
83259,12,2026-12-05 15:30:00,Ein Frankfurt,Werder Bremen,0.5359,0.2303,0.2337,2.0650,1.3246,0.3063,0.2270,0.1338,0.0581,-0.1309,0.1057,0.5360,0.2692,0.1948
83263,12,2026-12-05 15:30:00,Elversberg,Stuttgart,0.2832,0.2337,0.4831,1.5136,2.0065,0.3063,0.2270,-0.0622,-0.0566,0.2244,0.1657,0.2268,0.2675,0.5057
83258,12,2026-12-05 15:30:00,Freiburg,Hoffenheim,0.4852,0.2358,0.2790,1.9822,1.4778,0.3063,0.2270,0.0419,0.1091,0.1070,-0.0227,0.4917,0.3203,0.1879
83257,12,2026-12-05 15:30:00,Leverkusen,M'gladbach,0.6819,0.1850,0.1330,2.5145,1.0620,0.3063,0.2270,0.2541,0.1347,-0.0772,-0.1690,0.7984,0.1259,0.0758
83256,12,2026-12-05 15:30:00,RB Leipzig,Mainz,0.5278,0.2445,0.2276,1.8937,1.1896,0.3063,0.2270,0.1697,-0.0644,-0.0168,-0.1159,0.5767,0.1668,0.2565
83262,12,2026-12-05 15:30:00,Schalke 04,Dortmund,0.1600,0.2481,0.5918,0.8425,1.8092,0.3063,0.2270,-0.4033,-0.3014,0.2552,0.0314,0.1838,0.1480,0.6682
83261,12,2026-12-05 15:30:00,Union Berlin,Hamburg,0.4384,0.2727,0.2888,1.5628,1.2317,0.3063,0.2270,-0.1979,0.1110,-0.2362,0.1383,0.3094,0.4278,0.2628
83264,13,2026-12-12 15:30:00,Dortmund,Augsburg,0.6644,0.2021,0.1335,2.2717,0.9428,0.3063,0.2270,0.2552,0.0320,-0.0639,-0.3014,0.7906,0.1331,0.0764
83270,13,2026-12-12 15:30:00,FC Koln,RB Leipzig,0.2736,0.2452,0.4811,1.3771,1.8704,0.3063,0.2270,-0.0974,-0.1159,0.1697,0.1502,0.2380,0.2339,0.5281
83269,13,2026-12-12 15:30:00,Hamburg,Schalke 04,0.4423,0.2959,0.2618,1.3888,1.0142,0.3063,0.2270,-0.2362,0.0314,-0.4033,0.1110,0.3892,0.2587,0.3521
83266,13,2026-12-12 15:30:00,Hoffenheim,Bayern Munich,0.1532,0.1661,0.6808,1.4171,2.9424,0.3063,0.2270,0.1070,-0.2917,0.6639,0.1091,0.1200,0.1043,0.7757
83268,13,2026-12-12 15:30:00,M'gladbach,Ein Frankfurt,0.3753,0.2400,0.3847,1.7538,1.7767,0.3063,0.2270,-0.0772,0.1057,0.1338,0.1347,0.3033,0.2451,0.4517
83267,13,2026-12-12 15:30:00,Mainz,Freiburg,0.4364,0.2638,0.2998,1.6384,1.3281,0.3063,0.2270,-0.0168,-0.0227,0.0419,-0.0644,0.3820,0.2289,0.3892
83272,13,2026-12-12 15:30:00,Paderborn,Elversberg,0.3569,0.2792,0.3639,1.3705,1.3859,0.3063,0.2270,-0.3838,0.1657,-0.0622,0.0823,0.3789,0.3027,0.3184
83265,13,2026-12-12 15:30:00,Stuttgart,Union Berlin,0.6724,0.1904,0.1372,2.4499,1.0532,0.3063,0.2270,0.2244,0.1383,-0.1979,-0.0566,0.6988,0.1592,0.1421
83271,13,2026-12-12 15:30:00,Werder Bremen,Leverkusen,0.2497,0.2476,0.5027,1.2629,1.8562,0.3063,0.2270,-0.1309,-0.1690,0.2541,0.0581,0.1886,0.2521,0.5593
83277,14,2026-12-19 15:30:00,Augsburg,Paderborn,0.5462,0.2588,0.1949,1.7362,0.9555,0.3063,0.2270,-0.0639,0.0823,-0.3838,0.0320,0.5493,0.2833,0.1674
83273,14,2026-12-19 15:30:00,Bayern Munich,Werder Bremen,0.8469,0.1012,0.0519,3.5086,0.8902,0.3063,0.2270,0.6639,0.0581,-0.1309,-0.2917,0.6635,0.2822,0.0544
83281,14,2026-12-19 15:30:00,Elversberg,Hamburg,0.4865,0.2531,0.2604,1.7898,1.2659,0.3063,0.2270,-0.0622,0.1110,-0.2362,0.1657,0.3791,0.2670,0.3539
83276,14,2026-12-19 15:30:00,Freiburg,Stuttgart,0.3795,0.2484,0.3721,1.6796,1.6619,0.3063,0.2270,0.0419,-0.0566,0.2244,-0.0227,0.4068,0.3452,0.2480
83275,14,2026-12-19 15:30:00,Leverkusen,Ein Frankfurt,0.6154,0.1998,0.1848,2.4427,1.3114,0.3063,0.2270,0.2541,0.1057,0.1338,-0.1690,0.7093,0.1630,0.1278
83278,14,2026-12-19 15:30:00,Mainz,FC Koln,0.5478,0.2395,0.2127,1.9477,1.1554,0.3063,0.2270,-0.0168,0.1502,-0.0974,-0.0644,0.5738,0.2752,0.1510
83274,14,2026-12-19 15:30:00,RB Leipzig,Dortmund,0.3542,0.2623,0.3835,1.4942,1.5615,0.3063,0.2270,0.1697,-0.3014,0.2552,-0.1159,0.3680,0.1639,0.4681
83280,14,2026-12-19 15:30:00,Schalke 04,M'gladbach,0.3568,0.2890,0.3542,1.3030,1.2976,0.3063,0.2270,-0.4033,0.1347,-0.0772,0.0314,0.4378,0.2140,0.3482
83279,14,2026-12-19 15:30:00,Union Berlin,Hoffenheim,0.3381,0.2496,0.4123,1.5597,1.7361,0.3063,0.2270,-0.1979,0.1091,0.1070,0.1383,0.2972,0.3014,0.4014
83282,15,2027-01-09 15:30:00,Dortmund,Mainz,0.6120,0.2249,0.1632,2.0629,0.9882,0.3063,0.2270,0.2552,-0.0644,-0.0168,-0.3014,0.7778,0.1155,0.1067
83285,15,2027-01-09 15:30:00,Ein Frankfurt,Schalke 04,0.5959,0.2308,0.1733,2.0106,1.0087,0.3063,0.2270,0.1338,0.0314,-0.4033,0.1057,0.5369,0.2904,0.1727
83288,15,2027-01-09 15:30:00,FC Koln,Freiburg,0.3428,0.2567,0.4006,1.5115,1.6460,0.3063,0.2270,-0.0974,-0.0227,0.0419,0.1502,0.3112,0.2407,0.4481
83287,15,2027-01-09 15:30:00,Hamburg,Leverkusen,0.2073,0.2384,0.5543,1.1366,1.9571,0.3063,0.2270,-0.2362,-0.1690,0.2541,0.1110,0.2047,0.2409,0.5544
83284,15,2027-01-09 15:30:00,Hoffenheim,Elversberg,0.5514,0.2174,0.2312,2.2389,1.4236,0.3063,0.2270,0.1070,0.1657,-0.0622,0.1091,0.5118,0.2763,0.2119
83286,15,2027-01-09 15:30:00,M'gladbach,Bayern Munich,0.1115,0.1505,0.7380,1.1787,3.0187,0.3063,0.2270,-0.0772,-0.2917,0.6639,0.1347,0.0775,0.0776,0.8449
83290,15,2027-01-09 15:30:00,Paderborn,RB Leipzig,0.2120,0.2582,0.5298,1.0342,1.7476,0.3063,0.2270,-0.3838,-0.1159,0.1697,0.0823,0.2392,0.2077,0.5531
83283,15,2027-01-09 15:30:00,Stuttgart,Augsburg,0.5915,0.2173,0.1913,2.2028,1.2042,0.3063,0.2270,0.2244,0.0320,-0.0639,-0.0566,0.5362,0.2015,0.2623
83289,15,2027-01-09 15:30:00,Werder Bremen,Union Berlin,0.4881,0.2605,0.2514,1.7173,1.1812,0.3063,0.2270,-0.1309,0.1383,-0.1979,0.0581,0.4146,0.2958,0.2896
83294,16,2027-01-12 20:30:00,Augsburg,M'gladbach,0.4887,0.2495,0.2619,1.8295,1.2984,0.3063,0.2270,-0.0639,0.1347,-0.0772,0.0320,0.5664,0.2333,0.2003
83291,16,2027-01-12 20:30:00,Bayern Munich,Leverkusen,0.6784,0.1726,0.1490,2.7959,1.3083,0.3063,0.2270,0.6639,-0.1690,0.2541,-0.2917,0.6521,0.2530,0.0950
83299,16,2027-01-12 20:30:00,Elversberg,Ein Frankfurt,0.3712,0.2364,0.3924,1.7802,1.8326,0.3063,0.2270,-0.0622,0.1057,0.1338,0.1657,0.3282,0.2713,0.4005
83297,16,2027-01-12 20:30:00,FC Koln,Dortmund,0.1987,0.2310,0.5703,1.1439,2.0375,0.3063,0.2270,-0.0974,-0.3014,0.2552,0.1502,0.1584,0.1895,0.6520
83293,16,2027-01-12 20:30:00,Freiburg,Hamburg,0.5812,0.2342,0.1846,1.9861,1.0485,0.3063,0.2270,0.0419,0.1110,-0.2362,-0.0227,0.6147,0.2933,0.0920
83295,16,2027-01-12 20:30:00,Mainz,Hoffenheim,0.4723,0.2447,0.2830,1.8693,1.4175,0.3063,0.2270,-0.0168,0.1091,0.1070,-0.0644,0.4680,0.2705,0.2614
83292,16,2027-01-12 20:30:00,RB Leipzig,Stuttgart,0.4612,0.2402,0.2986,1.9086,1.5142,0.3063,0.2270,0.1697,-0.0566,0.2244,-0.1159,0.5157,0.2105,0.2737
83298,16,2027-01-12 20:30:00,Schalke 04,Werder Bremen,0.3445,0.3001,0.3554,1.2070,1.2297,0.3063,0.2270,-0.4033,0.0581,-0.1309,0.0314,0.3886,0.2600,0.3514
83296,16,2027-01-12 20:30:00,Union Berlin,Paderborn,0.4655,0.2813,0.2532,1.5184,1.0627,0.3063,0.2270,-0.1979,0.0823,-0.3838,0.1383,0.3124,0.3575,0.3301
83300,17,2027-01-16 15:30:00,Dortmund,Freiburg,0.6162,0.2180,0.1658,2.1507,1.0479,0.3063,0.2270,0.2552,-0.0227,0.0419,-0.3014,0.6328,0.1661,0.2012
83304,17,2027-01-16 15:30:00,Ein Frankfurt,Bayern Munich,0.1601,0.1681,0.6718,1.4555,2.9324,0.3063,0.2270,0.1338,-0.2917,0.6639,0.1057,0.1636,0.1525,0.6839
83306,17,2027-01-16 15:30:00,Hamburg,Augsburg,0.3543,0.2758,0.3699,1.3897,1.4240,0.3063,0.2270,-0.2362,0.0320,-0.0639,0.1110,0.3592,0.2502,0.3906
83302,17,2027-01-16 15:30:00,Hoffenheim,RB Leipzig,0.3575,0.2417,0.4009,1.6895,1.7950,0.3063,0.2270,0.1070,-0.1159,0.1697,0.1091,0.3183,0.2668,0.4149
83303,17,2027-01-16 15:30:00,Leverkusen,Schalke 04,0.7051,0.1926,0.1023,2.2677,0.7665,0.3063,0.2270,0.2541,0.0314,-0.4033,-0.1690,0.7434,0.1442,0.1124
83305,17,2027-01-16 15:30:00,M'gladbach,Union Berlin,0.4897,0.2512,0.2591,1.8120,1.2752,0.3063,0.2270,-0.0772,0.1383,-0.1979,0.1347,0.4003,0.3190,0.2806
83308,17,2027-01-16 15:30:00,Paderborn,FC Koln,0.3609,0.2835,0.3556,1.3494,1.3380,0.3063,0.2270,-0.3838,0.1502,-0.0974,0.0823,0.3979,0.2185,0.3836
83301,17,2027-01-16 15:30:00,Stuttgart,Mainz,0.5355,0.2354,0.2291,2.0003,1.2622,0.3063,0.2270,0.2244,-0.0644,-0.0168,-0.0566,0.5116,0.2382,0.2502
83307,17,2027-01-16 15:30:00,Werder Bremen,Elversberg,0.4617,0.2536,0.2847,1.7649,1.3528,0.3063,0.2270,-0.1309,0.1657,-0.0622,0.0581,0.4755,0.3005,0.2240
83312,18,2027-01-23 15:30:00,Ein Frankfurt,Union Berlin,0.5909,0.2150,0.1941,2.2376,1.2387,0.3063,0.2270,0.1338,0.1383,-0.1979,0.1057,0.6475,0.1830,0.1695
83314,18,2027-01-23 15:30:00,Hamburg,Dortmund,0.1764,0.2357,0.5879,0.9957,1.9593,0.3063,0.2270,-0.2362,-0.3014,0.2552,0.1110,0.1923,0.1442,0.6635
83310,18,2027-01-23 15:30:00,Hoffenheim,FC Koln,0.5548,0.2196,0.2256,2.2044,1.3743,0.3063,0.2270,0.1070,0.1502,-0.0974,0.1091,0.6079,0.2369,0.1552
83311,18,2027-01-23 15:30:00,Leverkusen,Elversberg,0.6921,0.1790,0.1289,2.5938,1.0780,0.3063,0.2270,0.2541,0.1657,-0.0622,-0.1690,0.7922,0.1364,0.0714
83313,18,2027-01-23 15:30:00,M'gladbach,RB Leipzig,0.2846,0.2469,0.4685,1.4053,1.8416,0.3063,0.2270,-0.0772,-0.1159,0.1697,0.1347,0.2245,0.2230,0.5525
83317,18,2027-01-23 15:30:00,Paderborn,Mainz,0.2713,0.2873,0.4415,1.0888,1.4503,0.3063,0.2270,-0.3838,-0.0644,-0.0168,0.0823,0.3420,0.2747,0.3833
83316,18,2027-01-23 15:30:00,Schalke 04,Augsburg,0.3191,0.2954,0.3854,1.1759,1.3149,0.3063,0.2270,-0.4033,0.0320,-0.0639,0.0314,0.3558,0.2423,0.4019
83309,18,2027-01-23 15:30:00,Stuttgart,Bayern Munich,0.2321,0.2010,0.5670,1.5936,2.4932,0.3063,0.2270,0.2244,-0.2917,0.6639,-0.0566,0.1198,0.1175,0.7627
83315,18,2027-01-23 15:30:00,Werder Bremen,Freiburg,0.3576,0.2674,0.3750,1.4618,1.5012,0.3063,0.2270,-0.1309,-0.0227,0.0419,0.0581,0.3388,0.2754,0.3858
83322,19,2027-01-30 15:30:00,Augsburg,Ein Frankfurt,0.4133,0.2457,0.3409,1.7773,1.6033,0.3063,0.2270,-0.0639,0.1057,0.1338,0.0320,0.3871,0.2727,0.3402
83318,19,2027-01-30 15:30:00,Bayern Munich,Schalke 04,0.8716,0.0921,0.0363,3.4161,0.6780,0.3063,0.2270,0.6639,0.0314,-0.4033,-0.2917,0.6017,0.3219,0.0764
83319,19,2027-01-30 15:30:00,Dortmund,Hoffenheim,0.6588,0.1928,0.1484,2.4537,1.1184,0.3063,0.2270,0.2552,0.1091,0.1070,-0.3014,0.7935,0.1345,0.0720
83326,19,2027-01-30 15:30:00,Elversberg,M'gladbach,0.4500,0.2459,0.3042,1.8326,1.4841,0.3063,0.2270,-0.0622,0.1347,-0.0772,0.1657,0.3469,0.2437,0.4094
83325,19,2027-01-30 15:30:00,FC Koln,Stuttgart,0.2764,0.2365,0.4872,1.4612,1.9757,0.3063,0.2270,-0.0974,-0.0566,0.2244,0.1502,0.2516,0.2400,0.5084
83321,19,2027-01-30 15:30:00,Freiburg,Paderborn,0.6035,0.2363,0.1602,1.9298,0.9046,0.3063,0.2270,0.0419,0.0823,-0.3838,-0.0227,0.6653,0.2537,0.0810
83323,19,2027-01-30 15:30:00,Mainz,Hamburg,0.5661,0.2449,0.1890,1.8729,1.0057,0.3063,0.2270,-0.0168,0.1110,-0.2362,-0.0644,0.5653,0.2690,0.1657
83320,19,2027-01-30 15:30:00,RB Leipzig,Werder Bremen,0.6110,0.2194,0.1696,2.1405,1.0614,0.3063,0.2270,0.1697,0.0581,-0.1309,-0.1159,0.5948,0.2176,0.1876
83324,19,2027-01-30 15:30:00,Union Berlin,Leverkusen,0.2100,0.2339,0.5561,1.1811,2.0113,0.3063,0.2270,-0.1979,-0.1690,0.2541,0.1383,0.1666,0.2562,0.5773
83327,20,2027-02-06 15:30:00,Bayern Munich,Elversberg,0.8725,0.0836,0.0439,3.9072,0.9535,0.3063,0.2270,0.6639,0.1657,-0.0622,-0.2917,0.6445,0.3035,0.0520
83330,20,2027-02-06 15:30:00,Ein Frankfurt,Mainz,0.4486,0.2462,0.3052,1.8270,1.4846,0.3063,0.2270,0.1338,-0.0644,-0.0168,0.1057,0.4558,0.2622,0.2820
83332,20,2027-02-06 15:30:00,Hamburg,RB Leipzig,0.2433,0.2530,0.5036,1.1987,1.7986,0.3063,0.2270,-0.2362,-0.1159,0.1697,0.1110,0.2508,0.2364,0.5128
83329,20,2027-02-06 15:30:00,Leverkusen,Augsburg,0.6334,0.2078,0.1588,2.2692,1.0762,0.3063,0.2270,0.2541,0.0320,-0.0639,-0.1690,0.7198,0.1689,0.1113
83331,20,2027-02-06 15:30:00,M'gladbach,Freiburg,0.3548,0.2568,0.3884,1.5425,1.6207,0.3063,0.2270,-0.0772,-0.0227,0.0419,0.1347,0.2706,0.1943,0.5352
83335,20,2027-02-06 15:30:00,Paderborn,Dortmund,0.1532,0.2377,0.6091,0.8591,1.9037,0.3063,0.2270,-0.3838,-0.3014,0.2552,0.0823,0.1555,0.1900,0.6545
83334,20,2027-02-06 15:30:00,Schalke 04,Union Berlin,0.3891,0.2975,0.3134,1.3078,1.1500,0.3063,0.2270,-0.4033,0.1383,-0.1979,0.0314,0.4439,0.2170,0.3391
83328,20,2027-02-06 15:30:00,Stuttgart,Hoffenheim,0.5786,0.2070,0.2145,2.3792,1.4286,0.3063,0.2270,0.2244,0.1091,0.1070,-0.0566,0.6287,0.1896,0.1818
83333,20,2027-02-06 15:30:00,Werder Bremen,FC Koln,0.4653,0.2567,0.2780,1.7378,1.3060,0.3063,0.2270,-0.1309,0.1502,-0.0974,0.0581,0.5557,0.2649,0.1794
83340,21,2027-02-13 15:30:00,Augsburg,Werder Bremen,0.4715,0.2617,0.2668,1.6947,1.2305,0.3063,0.2270,-0.0639,0.0581,-0.1309,0.0320,0.5228,0.2427,0.2346
83336,21,2027-02-13 15:30:00,Dortmund,Stuttgart,0.5536,0.2287,0.2176,2.0791,1.2578,0.3063,0.2270,0.2552,-0.0566,0.2244,-0.3014,0.7462,0.1310,0.1228
83344,21,2027-02-13 15:30:00,Elversberg,Schalke 04,0.4978,0.2677,0.2345,1.6528,1.0711,0.3063,0.2270,-0.0622,0.0314,-0.4033,0.1657,0.4218,0.2911,0.2871
83343,21,2027-02-13 15:30:00,FC Koln,Hamburg,0.4760,0.2586,0.2654,1.7279,1.2464,0.3063,0.2270,-0.0974,0.1110,-0.2362,0.1502,0.3493,0.3233,0.3274
83339,21,2027-02-13 15:30:00,Freiburg,Ein Frankfurt,0.4754,0.2357,0.2889,1.9755,1.5179,0.3063,0.2270,0.0419,0.1057,0.1338,-0.0227,0.4696,0.3260,0.2044
83338,21,2027-02-13 15:30:00,Hoffenheim,Paderborn,0.6010,0.2265,0.1726,2.0597,1.0320,0.3063,0.2270,0.1070,0.0823,-0.3838,0.1091,0.5976,0.2399,0.1625
83341,21,2027-02-13 15:30:00,Mainz,M'gladbach,0.5357,0.2424,0.2220,1.9177,1.1791,0.3063,0.2270,-0.0168,0.1347,-0.0772,-0.0644,0.6442,0.1846,0.1712
83337,21,2027-02-13 15:30:00,RB Leipzig,Leverkusen,0.4052,0.2513,0.3435,1.7056,1.5598,0.3063,0.2270,0.1697,-0.1690,0.2541,-0.1159,0.5130,0.1634,0.3236
83342,21,2027-02-13 15:30:00,Union Berlin,Bayern Munich,0.0925,0.1426,0.7650,1.0447,3.0298,0.3063,0.2270,-0.1979,-0.2917,0.6639,0.1383,0.0768,0.0863,0.8369
83345,22,2027-02-20 15:30:00,Bayern Munich,Augsburg,0.8279,0.1105,0.0615,3.4184,0.9519,0.3063,0.2270,0.6639,0.0320,-0.0639,-0.2917,0.6651,0.2804,0.0545
83348,22,2027-02-20 15:30:00,Ein Frankfurt,RB Leipzig,0.3690,0.2402,0.3909,1.7353,1.7889,0.3063,0.2270,0.1338,-0.1159,0.1697,0.1057,0.3310,0.3090,0.3600
83353,22,2027-02-20 15:30:00,Elversberg,Union Berlin,0.4873,0.2485,0.2643,1.8393,1.3154,0.3063,0.2270,-0.0622,0.1383,-0.1979,0.1657,0.3549,0.2492,0.3959
83350,22,2027-02-20 15:30:00,Hamburg,Hoffenheim,0.3325,0.2545,0.4130,1.5010,1.6893,0.3063,0.2270,-0.2362,0.1091,0.1070,0.1110,0.3488,0.2660,0.3853
83347,22,2027-02-20 15:30:00,Leverkusen,Mainz,0.5789,0.2286,0.1925,2.0607,1.1280,0.3063,0.2270,0.2541,-0.0644,-0.0168,-0.1690,0.7180,0.1612,0.1208
83349,22,2027-02-20 15:30:00,M'gladbach,FC Koln,0.4657,0.2474,0.2869,1.8337,1.4099,0.3063,0.2270,-0.0772,0.1502,-0.0974,0.1347,0.3308,0.3422,0.3270
83352,22,2027-02-20 15:30:00,Schalke 04,Freiburg,0.2758,0.2854,0.4388,1.1133,1.4616,0.3063,0.2270,-0.4033,-0.0227,0.0419,0.0314,0.3280,0.2525,0.4196
83346,22,2027-02-20 15:30:00,Stuttgart,Paderborn,0.6885,0.1941,0.1173,2.3163,0.8745,0.3063,0.2270,0.2244,0.0823,-0.3838,-0.0566,0.6623,0.1763,0.1614
83351,22,2027-02-20 15:30:00,Werder Bremen,Dortmund,0.2136,0.2475,0.5388,1.1063,1.8582,0.3063,0.2270,-0.1309,-0.3014,0.2552,0.0581,0.1887,0.1086,0.7027
83359,23,2027-02-27 15:30:00,Augsburg,Elversberg,0.4977,0.2446,0.2576,1.8872,1.3180,0.3063,0.2270,-0.0639,0.1657,-0.0622,0.0320,0.5316,0.2965,0.1719
83354,23,2027-02-27 15:30:00,Dortmund,Union Berlin,0.7358,0.1707,0.0934,2.5265,0.8245,0.3063,0.2270,0.2552,0.1383,-0.1979,-0.3014,0.8200,0.1103,0.0697
83361,23,2027-02-27 15:30:00,FC Koln,Ein Frankfurt,0.3624,0.2401,0.3975,1.7186,1.8045,0.3063,0.2270,-0.0974,0.1057,0.1338,0.1502,0.3285,0.2805,0.3911
83358,23,2027-02-27 15:30:00,Freiburg,Leverkusen,0.3285,0.2531,0.4184,1.5010,1.7121,0.3063,0.2270,0.0419,-0.1690,0.2541,-0.0227,0.2515,0.3207,0.4278
83357,23,2027-02-27 15:30:00,Hoffenheim,M'gladbach,0.5417,0.2224,0.2359,2.1705,1.4024,0.3063,0.2270,0.1070,0.1347,-0.0772,0.1091,0.6545,0.1791,0.1663
83360,23,2027-02-27 15:30:00,Mainz,Schalke 04,0.5709,0.2579,0.1712,1.7295,0.8510,0.3063,0.2270,-0.0168,0.0314,-0.4033,-0.0644,0.5403,0.2922,0.1675
83362,23,2027-02-27 15:30:00,Paderborn,Werder Bremen,0.3381,0.2938,0.3681,1.2306,1.2939,0.3063,0.2270,-0.3838,0.0581,-0.1309,0.0823,0.3736,0.2471,0.3793
83355,23,2027-02-27 15:30:00,RB Leipzig,Bayern Munich,0.2339,0.2100,0.5562,1.5087,2.3497,0.3063,0.2270,0.1697,-0.2917,0.6639,-0.1159,0.1627,0.0815,0.7558
83356,23,2027-02-27 15:30:00,Stuttgart,Hamburg,0.6692,0.1946,0.1362,2.3839,1.0136,0.3063,0.2270,0.2244,0.1110,-0.2362,-0.0566,0.6822,0.1893,0.1285
83363,24,2027-03-02 20:30:00,Bayern Munich,Freiburg,0.7891,0.1288,0.0822,3.2362,1.0581,0.3063,0.2270,0.6639,-0.0227,0.0419,-0.2917,0.6397,0.3099,0.0504
83365,24,2027-03-02 20:30:00,Ein Frankfurt,Dortmund,0.2761,0.2386,0.4853,1.4415,1.9488,0.3063,0.2270,0.1338,-0.3014,0.2552,0.1057,0.3003,0.2240,0.4757
83371,24,2027-03-02 20:30:00,Elversberg,RB Leipzig,0.2803,0.2424,0.4773,1.4265,1.8996,0.3063,0.2270,-0.0622,-0.1159,0.1697,0.1657,0.2690,0.2411,0.4899
83368,24,2027-03-02 20:30:00,Hamburg,Paderborn,0.4572,0.2878,0.2550,1.4613,1.0341,0.3063,0.2270,-0.2362,0.0823,-0.3838,0.1110,0.3949,0.2345,0.3706
83364,24,2027-03-02 20:30:00,Leverkusen,Hoffenheim,0.6243,0.1982,0.1774,2.4510,1.2767,0.3063,0.2270,0.2541,0.1091,0.1070,-0.1690,0.7039,0.1716,0.1246
83367,24,2027-03-02 20:30:00,M'gladbach,Stuttgart,0.2877,0.2382,0.4741,1.4911,1.9452,0.3063,0.2270,-0.0772,-0.0566,0.2244,0.1347,0.2507,0.2357,0.5136
83370,24,2027-03-02 20:30:00,Schalke 04,FC Koln,0.3675,0.2892,0.3432,1.3234,1.2715,0.3063,0.2270,-0.4033,0.1502,-0.0974,0.0314,0.3983,0.2461,0.3556
83366,24,2027-03-02 20:30:00,Union Berlin,Augsburg,0.3605,0.2705,0.3691,1.4440,1.4634,0.3063,0.2270,-0.1979,0.0320,-0.0639,0.1383,0.2883,0.2760,0.4358
83369,24,2027-03-02 20:30:00,Werder Bremen,Mainz,0.3592,0.2756,0.3652,1.4022,1.4156,0.3063,0.2270,-0.1309,-0.0644,-0.0168,0.0581,0.3539,0.3385,0.3076
83372,25,2027-03-06 15:30:00,Dortmund,Bayern Munich,0.3204,0.2347,0.4449,1.6435,1.9519,0.3063,0.2270,0.2552,-0.2917,0.6639,-0.3014,0.3147,0.2176,0.4677
83379,25,2027-03-06 15:30:00,FC Koln,Union Berlin,0.4767,0.2539,0.2694,1.7757,1.2951,0.3063,0.2270,-0.0974,0.1383,-0.1979,0.1502,0.4076,0.2841,0.3083
83376,25,2027-03-06 15:30:00,Freiburg,Augsburg,0.5017,0.2495,0.2488,1.8352,1.2457,0.3063,0.2270,0.0419,0.0320,-0.0639,-0.0227,0.4861,0.2954,0.2185
83378,25,2027-03-06 15:30:00,Hamburg,Ein Frankfurt,0.3233,0.2518,0.4249,1.4959,1.7352,0.3063,0.2270,-0.2362,0.1057,0.1338,0.1110,0.3549,0.2532,0.3919
83375,25,2027-03-06 15:30:00,Hoffenheim,Werder Bremen,0.5230,0.2347,0.2423,2.0105,1.3291,0.3063,0.2270,0.1070,0.0581,-0.1309,0.1091,0.5433,0.2168,0.2399
83377,25,2027-03-06 15:30:00,Mainz,Elversberg,0.5452,0.2370,0.2178,1.9781,1.1969,0.3063,0.2270,-0.0168,0.1657,-0.0622,-0.0644,0.5762,0.2775,0.1463
83380,25,2027-03-06 15:30:00,Paderborn,M'gladbach,0.3500,0.2830,0.3670,1.3286,1.3654,0.3063,0.2270,-0.3838,0.1347,-0.0772,0.0823,0.4290,0.2190,0.3520
83373,25,2027-03-06 15:30:00,RB Leipzig,Schalke 04,0.6599,0.2151,0.1251,2.0840,0.8083,0.3063,0.2270,0.1697,0.0314,-0.4033,-0.1159,0.6023,0.2290,0.1686
83374,25,2027-03-06 15:30:00,Stuttgart,Leverkusen,0.4089,0.2426,0.3485,1.8016,1.6551,0.3063,0.2270,0.2244,-0.1690,0.2541,-0.0566,0.4588,0.2407,0.3004
83384,26,2027-03-13 15:30:00,Augsburg,RB Leipzig,0.3190,0.2590,0.4220,1.4241,1.6619,0.3063,0.2270,-0.0639,-0.1159,0.1697,0.0320,0.3345,0.2664,0.3991
83381,26,2027-03-13 15:30:00,Bayern Munich,Mainz,0.7835,0.1344,0.0821,3.1042,0.9978,0.3063,0.2270,0.6639,-0.0644,-0.0168,-0.2917,0.6671,0.2746,0.0583
83383,26,2027-03-13 15:30:00,Ein Frankfurt,Paderborn,0.6135,0.2209,0.1657,2.1156,1.0285,0.3063,0.2270,0.1338,0.0823,-0.3838,0.1057,0.5637,0.2770,0.1593
83389,26,2027-03-13 15:30:00,Elversberg,Dortmund,0.2035,0.2287,0.5678,1.1850,2.0693,0.3063,0.2270,-0.0622,-0.3014,0.2552,0.1657,0.1845,0.1213,0.6942
83382,26,2027-03-13 15:30:00,Leverkusen,FC Koln,0.6933,0.1806,0.1261,2.5539,1.0407,0.3063,0.2270,0.2541,0.1502,-0.0974,-0.1690,0.8097,0.1133,0.0770
83386,26,2027-03-13 15:30:00,M'gladbach,Hamburg,0.4888,0.2559,0.2553,1.7633,1.2272,0.3063,0.2270,-0.0772,0.1110,-0.2362,0.1347,0.3012,0.4159,0.2829
83388,26,2027-03-13 15:30:00,Schalke 04,Hoffenheim,0.2990,0.2717,0.4294,1.2701,1.5600,0.3063,0.2270,-0.4033,0.1091,0.1070,0.0314,0.3498,0.2585,0.3917
83385,26,2027-03-13 15:30:00,Union Berlin,Freiburg,0.3113,0.2634,0.4253,1.3671,1.6266,0.3063,0.2270,-0.1979,-0.0227,0.0419,0.1383,0.2700,0.2300,0.5000
83387,26,2027-03-13 15:30:00,Werder Bremen,Stuttgart,0.2928,0.2496,0.4576,1.4132,1.8018,0.3063,0.2270,-0.1309,-0.0566,0.2244,0.0581,0.2802,0.3076,0.4122
83390,27,2027-03-20 15:30:00,Dortmund,M'gladbach,0.7111,0.1781,0.1109,2.5173,0.9303,0.3063,0.2270,0.2552,0.1347,-0.0772,-0.3014,0.8200,0.1103,0.0697
83397,27,2027-03-20 15:30:00,FC Koln,Bayern Munich,0.1049,0.1459,0.7491,1.1551,3.0659,0.3063,0.2270,-0.0974,-0.2917,0.6639,0.1502,0.0783,0.1185,0.8033
83394,27,2027-03-20 15:30:00,Freiburg,Elversberg,0.5598,0.2271,0.2131,2.0977,1.2478,0.3063,0.2270,0.0419,0.1657,-0.0622,-0.0227,0.6338,0.2744,0.0918
83396,27,2027-03-20 15:30:00,Hamburg,Werder Bremen,0.3822,0.2788,0.3390,1.4264,1.3317,0.3063,0.2270,-0.2362,0.0581,-0.1309,0.1110,0.3976,0.2501,0.3523
83393,27,2027-03-20 15:30:00,Hoffenheim,Ein Frankfurt,0.4617,0.2240,0.3143,2.1084,1.7318,0.3063,0.2270,0.1070,0.1057,0.1338,0.1091,0.4728,0.2212,0.3060
83395,27,2027-03-20 15:30:00,Mainz,Augsburg,0.4883,0.2591,0.2526,1.7306,1.1949,0.3063,0.2270,-0.0168,0.0320,-0.0639,-0.0644,0.4818,0.2768,0.2414
83398,27,2027-03-20 15:30:00,Paderborn,Leverkusen,0.1800,0.2414,0.5787,0.9806,1.9016,0.3063,0.2270,-0.3838,-0.1690,0.2541,0.0823,0.1909,0.2312,0.5779
83391,27,2027-03-20 15:30:00,RB Leipzig,Union Berlin,0.6620,0.1997,0.1383,2.3193,0.9926,0.3063,0.2270,0.1697,0.1383,-0.1979,-0.1159,0.7449,0.1286,0.1265
83392,27,2027-03-20 15:30:00,Stuttgart,Schalke 04,0.6710,0.2050,0.1240,2.2013,0.8577,0.3063,0.2270,0.2244,0.0314,-0.4033,-0.0566,0.6379,0.1963,0.1658
83403,28,2027-04-03 15:30:00,Augsburg,Hoffenheim,0.4231,0.2468,0.3301,1.7833,1.5610,0.3063,0.2270,-0.0639,0.1091,0.1070,0.0320,0.3611,0.2944,0.3445
83399,28,2027-04-03 15:30:00,Bayern Munich,Hamburg,0.8770,0.0848,0.0382,3.6994,0.8012,0.3063,0.2270,0.6639,0.1110,-0.2362,-0.2917,0.6416,0.2907,0.0676
83402,28,2027-04-03 15:30:00,Ein Frankfurt,Stuttgart,0.3745,0.2317,0.3938,1.8413,1.8896,0.3063,0.2270,0.1338,-0.0566,0.2244,0.1057,0.3373,0.3202,0.3425
83407,28,2027-04-03 15:30:00,Elversberg,FC Koln,0.4627,0.2446,0.2927,1.8613,1.4543,0.3063,0.2270,-0.0622,0.1502,-0.0974,0.1657,0.3601,0.2858,0.3542
83401,28,2027-04-03 15:30:00,Leverkusen,Dortmund,0.4019,0.2591,0.3390,1.6259,1.4807,0.3063,0.2270,0.2541,-0.3014,0.2552,-0.1690,0.3331,0.2291,0.4378
83405,28,2027-04-03 15:30:00,M'gladbach,Werder Bremen,0.4372,0.2602,0.3026,1.6723,1.3635,0.3063,0.2270,-0.0772,0.0581,-0.1309,0.1347,0.3299,0.2900,0.3801
83400,28,2027-04-03 15:30:00,RB Leipzig,Freiburg,0.5299,0.2376,0.2325,1.9743,1.2615,0.3063,0.2270,0.1697,-0.0227,0.0419,-0.1159,0.4256,0.1757,0.3987
83406,28,2027-04-03 15:30:00,Schalke 04,Paderborn,0.4135,0.3146,0.2720,1.2365,0.9549,0.3063,0.2270,-0.4033,0.0823,-0.3838,0.0314,0.3958,0.2566,0.3476
83404,28,2027-04-03 15:30:00,Union Berlin,Mainz,0.3139,0.2721,0.4140,1.3113,1.5339,0.3063,0.2270,-0.1979,-0.0644,-0.0168,0.1383,0.2988,0.2895,0.4117
83408,29,2027-04-10 15:30:00,Dortmund,Schalke 04,0.7283,0.1857,0.0860,2.2702,0.6714,0.3063,0.2270,0.2552,0.0314,-0.4033,-0.3014,0.8059,0.0998,0.0942
83414,29,2027-04-10 15:30:00,FC Koln,Augsburg,0.3947,0.2609,0.3444,1.5966,1.4808,0.3063,0.2270,-0.0974,0.0320,-0.0639,0.1502,0.3160,0.2862,0.3978
83413,29,2027-04-10 15:30:00,Hamburg,Union Berlin,0.4311,0.2737,0.2952,1.5456,1.2454,0.3063,0.2270,-0.2362,0.1383,-0.1979,0.1110,0.4437,0.2416,0.3147
83410,29,2027-04-10 15:30:00,Hoffenheim,Freiburg,0.4357,0.2420,0.3223,1.8544,1.5797,0.3063,0.2270,0.1070,-0.0227,0.0419,0.1091,0.3525,0.1935,0.4539
83412,29,2027-04-10 15:30:00,M'gladbach,Leverkusen,0.2439,0.2352,0.5208,1.3326,2.0039,0.3063,0.2270,-0.0772,-0.1690,0.2541,0.1347,0.1856,0.2303,0.5840
83411,29,2027-04-10 15:30:00,Mainz,RB Leipzig,0.3637,0.2653,0.3710,1.4927,1.5092,0.3063,0.2270,-0.0168,-0.1159,0.1697,-0.0644,0.3911,0.2901,0.3188
83416,29,2027-04-10 15:30:00,Paderborn,Bayern Munich,0.0788,0.1443,0.7769,0.8674,2.8646,0.3063,0.2270,-0.3838,-0.2917,0.6639,0.0823,0.0819,0.1188,0.7992
83409,29,2027-04-10 15:30:00,Stuttgart,Elversberg,0.6516,0.1906,0.1578,2.5178,1.2062,0.3063,0.2270,0.2244,0.1657,-0.0622,-0.0566,0.6066,0.2401,0.1534
83415,29,2027-04-10 15:30:00,Werder Bremen,Ein Frankfurt,0.3785,0.2500,0.3716,1.6621,1.6457,0.3063,0.2270,-0.1309,0.1057,0.1338,0.0581,0.3404,0.3359,0.3237
83422,30,2027-04-17 15:30:00,Augsburg,Dortmund,0.2380,0.2521,0.5100,1.1830,1.8104,0.3063,0.2270,-0.0639,-0.3014,0.2552,0.0320,0.3045,0.1521,0.5434
83417,30,2027-04-17 15:30:00,Bayern Munich,Hoffenheim,0.8278,0.1048,0.0674,3.6922,1.1293,0.3063,0.2270,0.6639,0.1091,0.1070,-0.2917,0.6918,0.2519,0.0564
83421,30,2027-04-17 15:30:00,Ein Frankfurt,M'gladbach,0.5550,0.2179,0.2272,2.2294,1.3977,0.3063,0.2270,0.1338,0.1347,-0.0772,0.1057,0.6453,0.1824,0.1724
83425,30,2027-04-17 15:30:00,Elversberg,Paderborn,0.5140,0.2591,0.2269,1.7391,1.0922,0.3063,0.2270,-0.0622,0.0823,-0.3838,0.1657,0.3532,0.3051,0.3417
83420,30,2027-04-17 15:30:00,Freiburg,Mainz,0.4481,0.2623,0.2896,1.6666,1.3057,0.3063,0.2270,0.0419,-0.0644,-0.0168,-0.0227,0.4778,0.3095,0.2127
83419,30,2027-04-17 15:30:00,Leverkusen,Werder Bremen,0.6607,0.1994,0.1399,2.3292,1.0064,0.3063,0.2270,0.2541,0.0581,-0.1309,-0.1690,0.7281,0.1959,0.0760
83418,30,2027-04-17 15:30:00,RB Leipzig,FC Koln,0.6436,0.2014,0.1550,2.3470,1.0975,0.3063,0.2270,0.1697,0.1502,-0.0974,-0.1159,0.7346,0.1273,0.1382
83424,30,2027-04-17 15:30:00,Schalke 04,Hamburg,0.3889,0.3029,0.3082,1.2726,1.1068,0.3063,0.2270,-0.4033,0.1110,-0.2362,0.0314,0.3845,0.2552,0.3603
83423,30,2027-04-17 15:30:00,Union Berlin,Stuttgart,0.2489,0.2394,0.5117,1.3216,1.9524,0.3063,0.2270,-0.1979,-0.0566,0.2244,0.1383,0.2644,0.2723,0.4633
83426,31,2027-04-24 15:30:00,Dortmund,RB Leipzig,0.5424,0.2387,0.2189,1.9594,1.1908,0.3063,0.2270,0.2552,-0.1159,0.1697,-0.3014,0.7294,0.1276,0.1430
83429,31,2027-04-24 15:30:00,Ein Frankfurt,Leverkusen,0.3217,0.2349,0.4434,1.6455,1.9466,0.3063,0.2270,0.1338,-0.1690,0.2541,0.1057,0.2674,0.3103,0.4223
83432,31,2027-04-24 15:30:00,FC Koln,Mainz,0.3450,0.2649,0.3900,1.4498,1.5522,0.3063,0.2270,-0.0974,-0.0644,-0.0168,0.1502,0.3338,0.3067,0.3594
83431,31,2027-04-24 15:30:00,Hamburg,Elversberg,0.4037,0.2637,0.3326,1.5884,1.4264,0.3063,0.2270,-0.2362,0.1657,-0.0622,0.1110,0.4087,0.2766,0.3147
83428,31,2027-04-24 15:30:00,Hoffenheim,Union Berlin,0.5779,0.2201,0.2020,2.1784,1.2430,0.3063,0.2270,0.1070,0.1383,-0.1979,0.1091,0.6567,0.1797,0.1636
83430,31,2027-04-24 15:30:00,M'gladbach,Schalke 04,0.4994,0.2705,0.2301,1.6282,1.0384,0.3063,0.2270,-0.0772,0.0314,-0.4033,0.1347,0.2821,0.3790,0.3389
83434,31,2027-04-24 15:30:00,Paderborn,Augsburg,0.3123,0.2887,0.3990,1.1990,1.3836,0.3063,0.2270,-0.3838,0.0320,-0.0639,0.0823,0.3397,0.2307,0.4297
83427,31,2027-04-24 15:30:00,Stuttgart,Freiburg,0.5373,0.2287,0.2340,2.0854,1.3385,0.3063,0.2270,0.2244,-0.0227,0.0419,-0.0566,0.3829,0.2319,0.3852
83433,31,2027-04-24 15:30:00,Werder Bremen,Bayern Munich,0.1189,0.1643,0.7169,1.1171,2.7961,0.3063,0.2270,-0.1309,-0.2917,0.6639,0.0581,0.1243,0.0762,0.7995
83439,32,2027-05-08 15:30:00,Augsburg,Stuttgart,0.3234,0.2501,0.4266,1.5111,1.7555,0.3063,0.2270,-0.0639,-0.0566,0.2244,0.0320,0.2948,0.3115,0.3937
83435,32,2027-05-08 15:30:00,Bayern Munich,M'gladbach,0.8647,0.0888,0.0466,3.7879,0.9394,0.3063,0.2270,0.6639,0.1347,-0.0772,-0.2917,0.7176,0.2234,0.0590
83443,32,2027-05-08 15:30:00,Elversberg,Hoffenheim,0.3813,0.2383,0.3804,1.7863,1.7842,0.3063,0.2270,-0.0622,0.1091,0.1070,0.1657,0.3041,0.2864,0.4095
83438,32,2027-05-08 15:30:00,Freiburg,FC Koln,0.5625,0.2293,0.2081,2.0654,1.2046,0.3063,0.2270,0.0419,0.1502,-0.0974,-0.0227,0.6765,0.2565,0.0670
83437,32,2027-05-08 15:30:00,Leverkusen,Hamburg,0.7061,0.1824,0.1115,2.4558,0.9058,0.3063,0.2270,0.2541,0.1110,-0.2362,-0.1690,0.7802,0.1317,0.0881
83440,32,2027-05-08 15:30:00,Mainz,Dortmund,0.2773,0.2657,0.4570,1.2400,1.6440,0.3063,0.2270,-0.0168,-0.3014,0.2552,-0.0644,0.3378,0.2593,0.4029
83436,32,2027-05-08 15:30:00,RB Leipzig,Paderborn,0.6774,0.2041,0.1186,2.1929,0.8242,0.3063,0.2270,0.1697,0.0823,-0.3838,-0.1159,0.6810,0.1467,0.1723
83442,32,2027-05-08 15:30:00,Schalke 04,Ein Frankfurt,0.2906,0.2685,0.4409,1.2658,1.6023,0.3063,0.2270,-0.4033,0.1057,0.1338,0.0314,0.3608,0.2493,0.3899
83441,32,2027-05-08 15:30:00,Union Berlin,Werder Bremen,0.3889,0.2732,0.3379,1.4822,1.3685,0.3063,0.2270,-0.1979,0.0581,-0.1309,0.1383,0.3468,0.3120,0.3412
83444,33,2027-05-15 15:30:00,Dortmund,FC Koln,0.7217,0.1734,0.1049,2.5567,0.9116,0.3063,0.2270,0.2552,0.1502,-0.0974,-0.3014,0.8413,0.0902,0.0685
83448,33,2027-05-15 15:30:00,Ein Frankfurt,Elversberg,0.5648,0.2128,0.2224,2.2996,1.4187,0.3063,0.2270,0.1338,0.1657,-0.0622,0.1057,0.5356,0.2774,0.1870
83450,33,2027-05-15 15:30:00,Hamburg,Freiburg,0.3063,0.2683,0.4253,1.3157,1.5828,0.3063,0.2270,-0.2362,-0.0227,0.0419,0.1110,0.3187,0.2253,0.4561
83446,33,2027-05-15 15:30:00,Hoffenheim,Mainz,0.4364,0.2492,0.3144,1.7787,1.4897,0.3063,0.2270,0.1070,-0.0644,-0.0168,0.1091,0.4302,0.2262,0.3436
83447,33,2027-05-15 15:30:00,Leverkusen,Bayern Munich,0.2774,0.2181,0.5045,1.6417,2.2281,0.3063,0.2270,0.2541,-0.2917,0.6639,-0.1690,0.3326,0.2183,0.4491
83449,33,2027-05-15 15:30:00,M'gladbach,Augsburg,0.4072,0.2598,0.3329,1.6293,1.4580,0.3063,0.2270,-0.0772,0.0320,-0.0639,0.1347,0.2774,0.2455,0.4771
83452,33,2027-05-15 15:30:00,Paderborn,Union Berlin,0.3831,0.2921,0.3248,1.3335,1.2101,0.3063,0.2270,-0.3838,0.1383,-0.1979,0.0823,0.4351,0.2221,0.3428
83445,33,2027-05-15 15:30:00,Stuttgart,RB Leipzig,0.4578,0.2406,0.3016,1.9000,1.5210,0.3063,0.2270,0.2244,-0.1159,0.1697,-0.0566,0.5673,0.1827,0.2501
83451,33,2027-05-15 15:30:00,Werder Bremen,Schalke 04,0.4962,0.2803,0.2235,1.5431,0.9619,0.3063,0.2270,-0.1309,0.0314,-0.4033,0.0581,0.4788,0.2729,0.2483
83456,34,2027-05-22 15:30:00,Augsburg,Hamburg,0.5218,0.2544,0.2237,1.7868,1.1075,0.3063,0.2270,-0.0639,0.1110,-0.2362,0.0320,0.5790,0.2472,0.1738
83453,34,2027-05-22 15:30:00,Bayern Munich,Ein Frankfurt,0.8218,0.1071,0.0710,3.6796,1.1600,0.3063,0.2270,0.6639,0.1057,0.1338,-0.2917,0.6734,0.2652,0.0614
83461,34,2027-05-22 15:30:00,Elversberg,Werder Bremen,0.4343,0.2571,0.3086,1.6975,1.4065,0.3063,0.2270,-0.0622,0.0581,-0.1309,0.1657,0.4335,0.2537,0.3128
83459,34,2027-05-22 15:30:00,FC Koln,Paderborn,0.5033,0.2651,0.2316,1.6789,1.0754,0.3063,0.2270,-0.0974,0.0823,-0.3838,0.1502,0.3599,0.2756,0.3645
83455,34,2027-05-22 15:30:00,Freiburg,Dortmund,0.2840,0.2584,0.4577,1.3149,1.7139,0.3063,0.2270,0.0419,-0.3014,0.2552,-0.0227,0.2809,0.3869,0.3322
83457,34,2027-05-22 15:30:00,Mainz,Stuttgart,0.3697,0.2562,0.3741,1.5839,1.5941,0.3063,0.2270,-0.0168,-0.0566,0.2244,-0.0644,0.3278,0.3199,0.3523
83454,34,2027-05-22 15:30:00,RB Leipzig,Hoffenheim,0.5706,0.2156,0.2139,2.2524,1.3464,0.3063,0.2270,0.1697,0.1091,0.1070,-0.1159,0.5952,0.2000,0.2049
83460,34,2027-05-22 15:30:00,Schalke 04,Leverkusen,0.1873,0.2511,0.5616,0.9618,1.8072,0.3063,0.2270,-0.4033,-0.1690,0.2541,0.0314,0.1936,0.2432,0.5631
83458,34,2027-05-22 15:30:00,Union Berlin,M'gladbach,0.4030,0.2622,0.3348,1.6001,1.4441,0.3063,0.2270,-0.1979,0.1347,-0.0772,0.1383,0.4151,0.3333,0.2516
