,P,W,D,L,GF,GA,Pts,GD
Dortmund,4,4,0,0,9,2,12,7
Bayern Munich,4,3,1,0,14,2,10,12
Freiburg,4,3,1,0,12,3,10,9
Augsburg,4,2,1,1,11,6,7,5
Leverkusen,4,2,1,1,10,5,7,5
Mainz,4,2,1,1,10,6,7,4
Elversberg,4,2,1,1,8,7,7,1
Werder Bremen,4,2,1,1,8,8,7,0
RB Leipzig,4,2,0,2,9,5,6,4
Ein Frankfurt,4,1,2,1,9,10,5,-1
Schalke 04,4,1,2,1,3,4,5,-1
Paderborn,4,1,1,2,3,5,4,-2
FC Koln,4,1,1,2,6,9,4,-3
Hoffenheim,4,1,0,3,7,10,3,-3
Stuttgart,4,1,0,3,6,9,3,-3
Hamburg,4,1,0,3,2,13,3,-11
Union Berlin,4,0,1,3,4,17,1,-13
M'gladbach,4,0,0,4,6,16,0,-10
