team,attack,attack_sd,defence,defence_sd,net
Bayern Munich,0.6639,0.1196,-0.2917,0.1601,0.9555
Dortmund,0.2552,0.1342,-0.3014,0.1581,0.5566
Leverkusen,0.2541,0.1345,-0.1690,0.1520,0.4231
RB Leipzig,0.1697,0.1379,-0.1159,0.1494,0.2855
Stuttgart,0.2244,0.1364,-0.0566,0.1447,0.2810
Freiburg,0.0419,0.1432,-0.0227,0.1452,0.0646
Mainz,-0.0168,0.1457,-0.0644,0.1468,0.0476
Ein Frankfurt,0.1338,0.1401,0.1057,0.1397,0.0281
Hoffenheim,0.1070,0.1415,0.1091,0.1392,-0.0021
Augsburg,-0.0639,0.1484,0.0320,0.1421,-0.0959
Werder Bremen,-0.1309,0.1515,0.0581,0.1409,-0.1890
M'gladbach,-0.0772,0.1495,0.1347,0.1374,-0.2118
Elversberg,-0.0622,0.2613,0.1657,0.2411,-0.2279
FC Koln,-0.0974,0.1616,0.1502,0.1475,-0.2476
Union Berlin,-0.1979,0.1552,0.1383,0.1360,-0.3362
Hamburg,-0.2362,0.1773,0.1110,0.1555,-0.3473
Schalke 04,-0.4033,0.2627,0.0314,0.2390,-0.4346
Paderborn,-0.3838,0.2714,0.0823,0.2465,-0.4661
