,exp_points,exp_position,p_title,p_top4,p_top6,p_playoff16,p_relegated,pos_1,pos_2,pos_3,pos_4,pos_5,pos_6,pos_7,pos_8,pos_9,pos_10,pos_11,pos_12,pos_13,pos_14,pos_15,pos_16,pos_17,pos_18
Bayern Munich,79.8764,1.2467,0.8100,0.9960,0.9995,0.0000,0.0000,0.8100,0.1505,0.0280,0.0075,0.0027,0.0008,0.0003,0.0001,0.0000,0.0000,0.0000,0.0000,0.0000,0.0000,0.0000,0.0000,0.0000,0.0000
Dortmund,68.9257,2.6407,0.1421,0.9025,0.9715,0.0000,0.0000,0.1421,0.4749,0.1925,0.0931,0.0461,0.0228,0.0127,0.0073,0.0043,0.0021,0.0010,0.0007,0.0001,0.0001,0.0001,0.0000,0.0000,0.0000
Leverkusen,60.5913,4.3799,0.0261,0.6307,0.8377,0.0007,0.0001,0.0261,0.1647,0.2570,0.1829,0.1242,0.0828,0.0566,0.0367,0.0272,0.0167,0.0111,0.0069,0.0037,0.0019,0.0007,0.0007,0.0001,0.0000
RB Leipzig,55.3169,5.9626,0.0081,0.3745,0.6394,0.0037,0.0016,0.0081,0.0644,0.1404,0.1616,0.1472,0.1178,0.0968,0.0791,0.0558,0.0423,0.0306,0.0218,0.0144,0.0091,0.0053,0.0037,0.0014,0.0003
Stuttgart,53.9920,6.4402,0.0043,0.3139,0.5790,0.0038,0.0031,0.0043,0.0493,0.1173,0.1430,0.1415,0.1236,0.1037,0.0835,0.0674,0.0511,0.0364,0.0287,0.0213,0.0133,0.0087,0.0038,0.0022,0.0009
Freiburg,52.2811,7.0465,0.0039,0.2382,0.4923,0.0057,0.0044,0.0039,0.0336,0.0846,0.1161,0.1293,0.1247,0.1145,0.0953,0.0846,0.0592,0.0489,0.0397,0.0251,0.0182,0.0120,0.0057,0.0029,0.0015
Mainz,48.4148,8.5160,0.0012,0.1281,0.3180,0.0161,0.0123,0.0012,0.0155,0.0452,0.0662,0.0891,0.1008,0.1038,0.1072,0.0960,0.0902,0.0765,0.0619,0.0509,0.0384,0.0285,0.0161,0.0091,0.0032
Ein Frankfurt,46.8990,9.1730,0.0009,0.0923,0.2600,0.0261,0.0227,0.0009,0.0086,0.0328,0.0500,0.0726,0.0951,0.0980,0.1012,0.0960,0.0924,0.0822,0.0746,0.0616,0.0504,0.0350,0.0261,0.0160,0.0067
Augsburg,45.0474,9.8723,0.0004,0.0665,0.1911,0.0328,0.0313,0.0004,0.0061,0.0210,0.0390,0.0574,0.0672,0.0840,0.0940,0.0990,0.1004,0.1005,0.0838,0.0714,0.0651,0.0465,0.0328,0.0216,0.0097
Hoffenheim,44.4601,10.1526,0.0003,0.0607,0.1785,0.0399,0.0396,0.0003,0.0043,0.0198,0.0362,0.0502,0.0677,0.0795,0.0863,0.0976,0.0943,0.0952,0.0874,0.0823,0.0659,0.0534,0.0399,0.0273,0.0123
Werder Bremen,42.5865,10.9971,0.0001,0.0353,0.1149,0.0582,0.0543,0.0001,0.0031,0.0103,0.0219,0.0316,0.0480,0.0634,0.0768,0.0877,0.0986,0.0999,0.0992,0.0941,0.0845,0.0684,0.0582,0.0367,0.0176
Elversberg,42.4869,10.9840,0.0022,0.0968,0.1991,0.0717,0.1290,0.0022,0.0192,0.0331,0.0424,0.0488,0.0534,0.0568,0.0597,0.0644,0.0662,0.0718,0.0686,0.0709,0.0705,0.0711,0.0717,0.0668,0.0622
FC Koln,37.6183,12.9629,0.0001,0.0112,0.0466,0.1085,0.1685,0.0001,0.0008,0.0036,0.0069,0.0124,0.0230,0.0336,0.0419,0.0518,0.0673,0.0754,0.0914,0.1021,0.1023,0.1105,0.1085,0.0989,0.0696
M'gladbach,35.0767,13.9295,0.0000,0.0051,0.0220,0.1266,0.2501,0.0000,0.0002,0.0013,0.0036,0.0066,0.0103,0.0183,0.0264,0.0377,0.0493,0.0641,0.0795,0.0961,0.1075,0.1224,0.1266,0.1331,0.1171
Schalke 04,34.8359,13.7695,0.0001,0.0215,0.0610,0.1154,0.3085,0.0001,0.0027,0.0058,0.0129,0.0177,0.0217,0.0252,0.0319,0.0369,0.0469,0.0515,0.0648,0.0748,0.0853,0.0977,0.1154,0.1343,0.1743
Hamburg,34.7690,14.0745,0.0000,0.0054,0.0258,0.1320,0.2774,0.0000,0.0002,0.0014,0.0037,0.0067,0.0137,0.0193,0.0265,0.0343,0.0454,0.0604,0.0697,0.0840,0.1069,0.1185,0.1320,0.1412,0.1361
Paderborn,33.3329,14.2274,0.0002,0.0186,0.0481,0.1155,0.3693,0.0002,0.0016,0.0056,0.0112,0.0117,0.0179,0.0219,0.0288,0.0326,0.0425,0.0476,0.0578,0.0658,0.0799,0.0901,0.1155,0.1442,0.2251
Union Berlin,33.2510,14.6243,0.0000,0.0026,0.0154,0.1432,0.3275,0.0000,0.0002,0.0004,0.0019,0.0042,0.0086,0.0114,0.0173,0.0267,0.0351,0.0468,0.0635,0.0814,0.1006,0.1311,0.1432,0.1642,0.1633
