half_life_days,prior_precision,promoted_offset,rho,rps,brier,logloss,n
270,10,0.3,-0.1,0.2049101211579348,0.59528970537207,0.996641927245451,1836
270,10,0.3,-0.05,0.2049834814642115,0.59572986720973,0.9974811396893937,1836
365,10,0.3,-0.1,0.20499239725531504,0.5953498311162312,0.9967423764804386,1836
270,10,0.15,-0.1,0.205032673958387,0.5954999798704563,0.996910610843947,1836
365,10,0.3,-0.05,0.20506682240893823,0.5957963820379704,0.9975656863530434,1836
270,10,0.15,-0.05,0.20509978406104987,0.5959026404864334,0.9977310386872391,1836
180,10,0.3,-0.1,0.20510500365055145,0.5958657272897444,0.9974722850340272,1836
270,10,0.3,0.0,0.20510718032279535,0.596472060361233,0.9989448271437124,1836
365,10,0.15,-0.1,0.2051111288529113,0.595559166357365,0.997001501591778,1836
365,20,0.3,-0.1,0.20514696437076543,0.5955214283214383,0.9970305508502607,1836
270,5,0.3,-0.1,0.20516438747944055,0.5960179764991739,0.9977740822298076,1836
180,10,0.3,-0.05,0.20517486765459855,0.5962849113140269,0.9983108097565424,1836
365,10,0.15,-0.05,0.20517950064975263,0.5959693971384131,0.997806788140345,1836
365,10,0.3,0.0,0.20519175677804216,0.5965459882525938,0.9990166220691902,1836
270,20,0.3,-0.1,0.20519367388831392,0.5957235869226327,0.9973500558791657,1836
365,20,0.15,-0.1,0.20521547366595894,0.5956155025555887,0.997234583000746,1836
365,20,0.3,-0.05,0.20521774208683388,0.5959460946178491,0.9978814983406431,1836
270,10,0.15,0.0,0.20521774220084402,0.5966103893251982,0.9991732053480722,1836
365,5,0.3,-0.1,0.20522220401666053,0.5960133582534879,0.9977804106396188,1836
270,5,0.3,-0.05,0.205239463367297,0.5964684318263129,0.9985707034938153,1836
540,10,0.3,-0.1,0.20524154710436934,0.5957610115509914,0.9973595168737218,1836
180,10,0.15,-0.1,0.20525532025989265,0.5961229276633145,0.9978221667544062,1836
270,20,0.3,-0.05,0.2052622926787283,0.5961352996651188,0.9982171461885582,1836
270,20,0.15,-0.1,0.20527138843889334,0.5958288268694785,0.9975920562607032,1836
365,20,0.15,-0.05,0.2052774591733776,0.5959874156001008,0.9980627523727332,1836
540,20,0.3,-0.1,0.20529434828586368,0.5957258782741545,0.9973121980268346,1836
180,10,0.3,0.0,0.20529494994021,0.5970054050276956,0.9997695319596217,1836
365,5,0.3,-0.05,0.20529762940807905,0.5964659106019988,0.9985677077901683,1836
365,10,0.15,0.0,0.20529887608768285,0.5966856497659946,0.9992371074927393,1836
540,10,0.3,-0.05,0.20531619803810616,0.5962089171534124,0.9981533287030682,1836
180,10,0.15,-0.05,0.20531856796370518,0.5965024138861896,0.9986396781380142,1836
270,5,0.15,-0.1,0.2053238603304143,0.5963108650886731,0.9981096326963693,1836
270,20,0.15,-0.05,0.2053309011269351,0.5961859029977291,0.998435299980863,1836
365,20,0.3,0.0,0.20533958707095165,0.5966771645225554,0.9993568938861015,1836
270,5,0.3,0.0,0.20536435880362525,0.5972178044442822,0.9999944884552122,1836
540,10,0.15,-0.1,0.20536477110949028,0.5959864284926645,0.9976321392866105,1836
540,20,0.15,-0.1,0.2053652559630884,0.5958329463656556,0.9975091519670846,1836
540,20,0.3,-0.05,0.20536648230200125,0.5961586823709801,0.9981332428957401,1836
365,5,0.15,-0.1,0.20538061732539162,0.596309058748077,0.9981205389410374,1836
270,20,0.3,0.0,0.20538188423974224,0.5968528490312027,0.9997048275184132,1836
365,20,0.15,0.0,0.20539123307331875,0.5966700589997476,0.9995117595823398,1836
270,5,0.15,-0.05,0.2053948477332494,0.5967367895056838,0.9988905680953065,1836
180,5,0.3,-0.1,0.20541362173952732,0.5967384698109899,0.9988146812981248,1836
365,5,0.3,0.0,0.20542312622832434,0.5972188915234705,0.9999845691381573,1836
540,20,0.15,-0.05,0.20542890856320606,0.5962148619663616,0.9983080261048431,1836
180,10,0.15,0.0,0.2054325694536967,0.5971864228261389,1.0000744538599704,1836
540,10,0.15,-0.05,0.20543355465743995,0.5963991297803629,0.998408310022984,1836
540,10,0.3,0.0,0.20544158536042023,0.5969612410872966,0.9995782989927069,1836
270,20,0.15,0.0,0.2054421290786313,0.596853270707906,0.9998953293371831,1836
365,5,0.15,-0.05,0.2054520665733518,0.5967377542358381,0.9988926101250883,1836
540,5,0.3,-0.1,0.20545649957600337,0.5963834809795574,0.998335248197187,1836
730,10,0.3,-0.1,0.20546336963551862,0.5961668494722582,0.9979650315486006,1836
730,20,0.3,-0.1,0.20546913721422816,0.5960362610693558,0.9977623486057349,1836
180,5,0.3,-0.05,0.20548629619933317,0.5971745165698251,0.9995959477225104,1836
540,20,0.3,0.0,0.2054898320573979,0.5968987809033597,0.9995830314660816,1836
270,5,0.15,0.0,0.20551599039586993,0.5974636454814072,1.0002968371352046,1836
540,5,0.3,-0.05,0.20553144447917465,0.5968331503985851,0.9990978260041965,1836
730,10,0.3,-0.05,0.20553777389312133,0.5966132750178744,0.9987355788261726,1836
730,20,0.3,-0.05,0.20554166036023022,0.596471399945368,0.9985599254851474,1836
540,20,0.15,0.0,0.20554447562767633,0.5969082643531831,0.9997322508528828,1836
730,20,0.15,-0.1,0.20554546745929073,0.5961590219371409,0.9979652971195467,1836
540,10,0.15,0.0,0.20555355394851563,0.5971191255268167,0.9998131970096245,1836
365,5,0.15,0.0,0.20557391363984187,0.5974688366347786,1.0002925081190113,1836
180,5,0.15,-0.1,0.20559040426357394,0.5970591386062251,0.9991906663420114,1836
730,10,0.15,-0.1,0.20559195662756596,0.5964069120303617,0.9982522174222911,1836
180,5,0.3,0.0,0.2056085244074719,0.5979078858186576,1.0010014160969318,1836
730,20,0.15,-0.05,0.20560968229211032,0.5965443109340584,0.9987408786640495,1836
540,5,0.15,-0.1,0.20561955768804993,0.59669323731869,0.9986950324573516,1836
365,2,0.3,-0.1,0.20565605335701354,0.5971484804266276,0.9996167824568506,1836
540,5,0.3,0.0,0.20565676158958124,0.5975850530610246,1.0004928364877583,1836
180,5,0.15,-0.05,0.20565876775055547,0.5974693195281141,0.9999546849182668,1836
730,10,0.15,-0.05,0.20566059628085537,0.5968187499500981,0.999005215177874,1836
730,10,0.3,0.0,0.20566306044808194,0.5973649943476379,1.0001394493904927,1836
730,20,0.3,0.0,0.20566550086698254,0.597214442985882,0.9999888477468502,1836
270,2,0.3,-0.1,0.20567082727966002,0.5973201783836959,0.999884714297328,1836
730,5,0.3,-0.1,0.2056740057794578,0.5967759749404972,0.9989189248794837,1836
180,20,0.3,-0.1,0.20567510359817648,0.5968842841688237,0.9990838800411173,1836
270,10,0.0,-0.1,0.20568375338847025,0.5967693801581887,0.9988024621020943,1836
540,5,0.15,-0.05,0.2056906344169182,0.5971196976918994,0.9994425840892032,1836
365,10,0.0,-0.1,0.20571482398909022,0.5967355374967884,0.9987501362922944,1836
730,20,0.15,0.0,0.2057259001161753,0.5972416178784483,1.0001445387356414,1836
365,2,0.3,-0.05,0.2057312310806653,0.5975995467685383,1.0003640708419734,1836
180,20,0.3,-0.05,0.2057386248359891,0.5972654115956992,0.9999492629939827,1836
270,10,0.0,-0.05,0.2057459298594487,0.5971424389840594,0.999582230993813,1836
270,2,0.3,-0.05,0.20574618168592926,0.597772304821311,1.000633229667012,1836
730,5,0.3,-0.05,0.2057483201327307,0.5972218610601345,0.9996601749813078,1836
270,5,0.0,-0.1,0.2057667944127021,0.5971644107845364,0.9993171606297085,1836
180,5,0.15,0.0,0.20577703775722025,0.5981789395681028,1.0013409448845545,1836
365,10,0.0,-0.05,0.20577839474623869,0.5971169620396793,0.9995171325595058,1836
730,10,0.15,0.0,0.2057805889632294,0.5975387060443424,1.00038917865542,1836
180,20,0.15,-0.1,0.20579530114685826,0.5970649575359784,0.999464404981541,1836
365,5,0.0,-0.1,0.2058056797190069,0.597129372285747,0.9992775208131965,1836
120,10,0.3,-0.1,0.20581165203609603,0.5974767587402572,0.999843584107953,1836
540,5,0.15,0.0,0.2058124005480534,0.5978502944787107,1.0008209262188066,1836
270,5,0.0,-0.05,0.20583443408058386,0.5975702487918271,1.0000703793680694,1836
365,2,0.15,-0.1,0.2058398567087238,0.5975077330632985,1.0000512945350413,1836
730,5,0.15,-0.1,0.2058414976781987,0.5970970529333821,0.9992938148196432,1836
540,2,0.3,-0.1,0.20584457556875374,0.5974130866393491,0.9999928810930511,1836
180,20,0.15,-0.05,0.20584921094834785,0.597388416344916,1.0003032931510927,1836
270,2,0.15,-0.1,0.20585301318925037,0.597673710793006,1.000309324035852,1836
180,20,0.3,0.0,0.2058531089215995,0.597952316109362,1.0014300642430325,1836
365,2,0.3,0.0,0.2058560813551111,0.598348648415213,1.001742453486633,1836
270,10,0.0,0.0,0.20585935164910707,0.5978229697220098,1.0009824836123622,1836
270,2,0.3,0.0,0.20587087607344803,0.5985204711464235,1.0020111026916543,1836
730,5,0.3,0.0,0.20587319067415946,0.5979710843087073,1.0010356960262925,1836
365,5,0.0,-0.05,0.20587387288582168,0.5975385312866357,1.000023017925079,1836
120,10,0.3,-0.05,0.20587531863932226,0.5978587583596142,1.0006445501590946,1836
365,10,0.0,0.0,0.20589335908963566,0.597806748100061,1.0009079278808253,1836
730,5,0.15,-0.05,0.2059120048305392,0.5975200958474253,1.0000200748273986,1836
365,2,0.15,-0.05,0.20591271123710747,0.5979448602336008,1.000785556359804,1836
540,2,0.3,-0.05,0.20591875039459753,0.5978581355944118,1.0007206481036215,1836
270,2,0.15,-0.05,0.2059259902857237,0.5981115733718463,1.001044626653002,1836
540,10,0.0,-0.1,0.20593991596869923,0.5971092196918579,0.9992920358184995,1836
270,5,0.0,0.0,0.20595250567470227,0.5982786783565376,1.0014479061260102,1836
180,20,0.15,0.0,0.20595485841535408,0.5980223011469534,1.0017535315582378,1836
120,10,0.3,0.0,0.20598932956341712,0.5985428239041832,1.0020623520283443,1836
365,5,0.0,0.0,0.2059927343309764,0.5982516999575641,1.0013953560029947,1836
540,10,0.0,-0.05,0.2060040330062974,0.5974939219174472,1.0000315504149935,1836
120,10,0.15,-0.1,0.2060234089628413,0.5978497018165628,1.000379205589952,1836
180,10,0.0,-0.1,0.20603271179889476,0.5976484235083616,1.0000920724733326,1836
540,2,0.15,-0.1,0.20603309815800663,0.5977839330835649,1.0004447214818433,1836
730,40,0.3,-0.1,0.20603336512832407,0.5971321148308573,0.9994530830645241,1836
730,5,0.15,0.0,0.20603338017181647,0.5982483478950889,1.0013790163530125,1836
365,2,0.15,0.0,0.20603542600460056,0.5986811488385592,1.0021499682618127,1836
540,5,0.0,-0.1,0.20603702990302228,0.5975013224233965,0.9998310116755017,1836
540,2,0.3,0.0,0.20604296709864509,0.5986034358186972,1.002081869375815,1836
540,40,0.3,-0.1,0.20604553438537584,0.5972161580309442,0.9996084432198453,1836
730,2,0.3,-0.1,0.2060456344244632,0.5977674568182143,1.0005090858251489,1836
270,2,0.15,0.0,0.20604849957335217,0.5988466290976169,1.0024082960232565,1836
730,40,0.15,-0.1,0.20606505643650774,0.5971378846401898,0.9996304424815886,1836
540,40,0.15,-0.1,0.20607495484328556,0.5972130404028024,0.9997970505216924,1836
120,10,0.15,-0.05,0.20607997522890795,0.5981890994129629,1.0011556347271218,1836
180,10,0.0,-0.05,0.2060907923276403,0.5979969066808346,1.000863288463396,1836
180,5,0.0,-0.1,0.20609276627836795,0.5980308467784372,1.0005740958434266,1836
730,40,0.3,-0.05,0.20610043889481255,0.5975345574297884,1.000258366571546,1836
540,5,0.0,-0.05,0.20610494526049222,0.5979088145682162,1.0005526908925249,1836
540,2,0.15,-0.05,0.2061050028565842,0.5982153612750304,1.0011595129414503,1836
540,40,0.3,-0.05,0.20611131293417412,0.5976108293237338,1.0004312829866264,1836
180,2,0.3,-0.1,0.20611158296489482,0.5984824927676914,1.0016418329796617,1836
730,2,0.3,-0.05,0.2061188945140658,0.5982070173558298,1.0012173959817992,1836
540,10,0.0,0.0,0.20611974663264065,0.5981882036755066,1.0013986040858829,1836
730,40,0.15,-0.05,0.20612091407264727,0.5974730304570269,1.0004070200631607,1836
540,40,0.15,-0.05,0.20612925521690253,0.5975388426445046,1.0005909210255368,1836
730,10,0.0,-0.1,0.20615753591602534,0.5975129172272193,0.9998803317077913,1836
180,5,0.0,-0.05,0.20615760889644796,0.5984199024869173,1.0013072213457352,1836
365,2,0.0,-0.1,0.20616500952443867,0.598142177594053,1.0008894821087808,1836
365,20,0.0,-0.1,0.2061680466156796,0.5974922628965269,1.0000991133430857,1836
120,5,0.3,-0.1,0.20616847672250838,0.5984909467459854,1.0014239831053953,1836
270,2,0.0,-0.1,0.20618088481784883,0.5983125200117629,1.0011522641223356,1836
180,2,0.3,-0.05,0.20618530740519164,0.5989248394094725,1.0023539879192525,1836
120,10,0.15,0.0,0.2061874543870562,0.5988339743618524,1.0025457681603884,1836
180,10,0.0,0.0,0.206200032854986,0.5986523498449089,1.0022505723840218,1836
730,40,0.3,0.0,0.206219367216848,0.5982481273620013,1.0016915147888996,1836
730,10,0.0,-0.05,0.2062215882965952,0.5978972315106383,1.0005973313175394,1836
365,20,0.0,-0.05,0.20622341178224213,0.5978244538959021,1.000869508007327,1836
540,5,0.0,0.0,0.20622381346105098,0.5986220237715686,1.0019042314960644,1836
540,2,0.15,0.0,0.2062271327779125,0.5989481408030001,1.0025068617289736,1836
540,40,0.3,0.0,0.20622888169888456,0.5983162419119965,1.0018790720065975,1836
730,40,0.15,0.0,0.2062295713900145,0.5981249743612304,1.0018072787443209,1836
365,2,0.0,-0.05,0.20623589885562219,0.5985675135811541,1.0016050600100324,1836
120,5,0.3,-0.05,0.20623596704489658,0.5988958886803145,1.0021457775155074,1836
540,40,0.15,0.0,0.20623630812824323,0.5981811601125486,1.0020053890177492,1836
730,2,0.15,-0.1,0.20623763439895793,0.5981462959463535,1.000972194191317,1836
730,2,0.3,0.0,0.20624241450106273,0.5989481372778115,1.0025607771292462,1836
540,20,0.0,-0.1,0.20624298041587982,0.5975609230270736,1.0001444690961876,1836
270,2,0.0,-0.05,0.20625183576688827,0.5987382257059992,1.0018685323715513,1836
730,5,0.0,-0.1,0.20625795091044075,0.5979047106429501,1.0004265983728329,1836
180,5,0.0,0.0,0.20627264408538684,0.5991101136205507,1.0026615565108457,1836
365,40,0.3,-0.1,0.20627844050945338,0.5978117687712319,1.0005332357909213,1836
540,20,0.0,-0.05,0.2063001985612964,0.5979042318995732,1.000888798317383,1836
180,2,0.15,-0.1,0.2063005997121038,0.598845613582909,1.0020781843138395,1836
180,2,0.3,0.0,0.20630794270303482,0.5996606511965316,1.0036939299072554,1836
730,2,0.15,-0.05,0.20630865418991082,0.5985724146920706,1.001667523403752,1836
365,40,0.15,-0.1,0.2063145002377131,0.5978147289474539,1.0007634984548823,1836
730,5,0.0,-0.05,0.20632535315690975,0.5983091241217643,1.0011272429355778,1836
270,20,0.0,-0.1,0.2063274817871353,0.5979145900308679,1.000763462374369,1836
365,20,0.0,0.0,0.2063310942113088,0.5984705484703022,1.0022594972842225,1836
730,10,0.0,0.0,0.2063373686403925,0.5985919135734222,1.0019441619807126,1836
365,40,0.3,-0.05,0.2063413925516037,0.5981894810241337,1.0013739431482478,1836
120,5,0.3,0.0,0.20635296850915172,0.5995978974658455,1.0034898904730318,1836
365,2,0.0,0.0,0.20635681002056536,0.599292980570813,1.002950194270618,1836
540,2,0.0,-0.1,0.20635979811370583,0.5984222493408464,1.0012893459480892,1836
365,40,0.15,-0.05,0.20636553778755423,0.5981209542465002,1.0015744210442885,1836
180,2,0.15,-0.05,0.20637184053099403,0.5992730584962506,1.0027763248595392,1836
270,2,0.0,0.0,0.20637248454361667,0.5994621183663698,1.0032125403860739,1836
270,20,0.0,-0.05,0.206380208499916,0.5982309503075521,1.0015447713122572,1836
120,5,0.15,-0.1,0.20639069286244563,0.5988976794649008,1.0019299338350263,1836
730,20,0.0,-0.1,0.20639222902987198,0.5978265534234842,1.0005017971454506,1836
540,20,0.0,0.0,0.20640985080871063,0.5985621453840585,1.002257257598191,1836
540,2,0.0,-0.05,0.2064298032351864,0.5988422800697301,1.0019856160005949,1836
730,2,0.15,0.0,0.20643011483288512,0.5993011785499166,1.0029970523886877,1836
730,5,0.0,0.0,0.2064438827302542,0.5990203015618311,1.0024596760193358,1836
730,20,0.0,-0.05,0.20645012255970174,0.5981739146024627,1.0012242606132915,1836
120,5,0.15,-0.05,0.20645351076563034,0.5992745868840093,1.0026314068144053,1836
365,40,0.3,0.0,0.20645604162916192,0.5988773754894832,1.0028349262317326,1836
365,40,0.15,0.0,0.20646926199042118,0.598743299463702,1.0030009965524886,1836
270,20,0.0,0.0,0.20648518493670112,0.5988608089282627,1.0029416565102198,1836
180,2,0.15,0.0,0.20649219301783472,0.5999951734172949,1.004101196078147,1836
540,2,0.0,0.0,0.20655019086110835,0.5995646058252615,1.0033138882342527,1836
730,20,0.0,0.0,0.20656053195777468,0.5988363709909005,1.0025736162409358,1836
120,5,0.15,0.0,0.20656621876833448,0.5999508349002343,1.0039531211575279,1836
730,2,0.0,-0.1,0.20656635142811244,0.5987889285172131,1.00182302630306,1836
730,2,0.0,-0.05,0.2066355103540134,0.5992038820726189,1.0024998751363166,1836
180,2,0.0,-0.1,0.2066467834189071,0.5995195600813722,1.0029710707168598,1836
180,2,0.0,-0.05,0.2067158945813311,0.5999342270559164,1.0036489319024784,1836
730,2,0.0,0.0,0.20675526489249005,0.5999224093034785,1.0038103910383098,1836
270,40,0.3,-0.1,0.206756872921726,0.5989181276791942,1.0021842256788844,1836
270,40,0.15,-0.1,0.20681494938620185,0.5989584771469455,1.0024901278049072,1836
270,40,0.3,-0.05,0.2068164332028669,0.5992754893660395,1.0030272514065004,1836
180,2,0.0,0.0,0.2068342896251775,0.6006445973189943,1.0049528674755581,1836
120,20,0.3,-0.1,0.20685670406346898,0.5994750583974529,1.0028817556462017,1836
270,40,0.15,-0.05,0.20686221037893263,0.5992420431033301,1.003302114363856,1836
120,20,0.3,-0.05,0.20691263158695794,0.5998106235383864,1.0037041822194845,1836
270,40,0.3,0.0,0.20692763621435079,0.5999427074349427,1.0044865671894505,1836
270,40,0.15,0.0,0.20696212626199853,0.5998415384017258,1.0047255392860686,1836
120,10,0.0,-0.1,0.2070125444708461,0.5998102925744252,1.0032729324541942,1836
120,5,0.0,-0.1,0.20701623732330943,0.6001226120481582,1.0036844541697598,1836
120,20,0.3,0.0,0.20701973254452158,0.6004532292837684,1.0051382136926856,1836
120,20,0.15,-0.1,0.20705474223144205,0.5998001117487537,1.0035008991553762,1836
120,10,0.0,-0.05,0.2070636572418855,0.6001169692006617,1.0039947012963466,1836
120,5,0.0,-0.05,0.20707525522371822,0.6004767194506111,1.0043492787449917,1836
180,20,0.0,-0.1,0.20707984170449897,0.5996167455778844,1.0032946182716134,1836
120,20,0.15,-0.05,0.20710054172942782,0.6000749087366686,1.0042935231505674,1836
180,20,0.0,-0.05,0.20712674897066027,0.5998981891748523,1.0040631379947613,1836
120,10,0.0,0.0,0.20716609568091665,0.6007315998348485,1.005329129836473,1836
120,5,0.0,0.0,0.20718446145415575,0.6011319568332362,1.0056333951749068,1836
120,20,0.15,0.0,0.20719832050981615,0.6006615814189984,1.0056933840781899,1836
120,2,0.3,-0.1,0.2072124322061188,0.6010314566765896,1.0055911210179906,1836
180,20,0.0,0.0,0.2072259295963969,0.6004932729292721,1.0054419571661328,1836
120,2,0.3,-0.05,0.20728148811412558,0.6014457921246307,1.0062042275954075,1836
730,40,0.0,-0.1,0.20738838704136262,0.5997599703657608,1.00362897375771,1836
120,2,0.3,0.0,0.2073991758867228,0.6021519187602139,1.007445242660988,1836
120,2,0.15,-0.1,0.2074268654141906,0.6014420738260862,1.0061013134392853,1836
730,40,0.0,-0.05,0.20743623424111313,0.6000470535642639,1.0043279683719495,1836
540,40,0.0,-0.1,0.20746850297838892,0.5999768569896441,1.0040033666305532,1836
120,2,0.15,-0.05,0.2074932306245547,0.601840265088271,1.0066983463975467,1836
540,40,0.0,-0.05,0.20751465968264132,0.6002537972151585,1.0047171064843392,1836
730,40,0.0,0.0,0.20753753066409233,0.6006548321021391,1.0056497545498086,1836
120,2,0.15,0.0,0.20760844407950627,0.6025315458179804,1.007922182800991,1836
540,40,0.0,0.0,0.207614223538673,0.6008511803513488,1.0060505525796728,1836
120,2,0.0,-0.1,0.20782479720402286,0.6022208282701682,1.0071523513614051,1836
365,40,0.0,-0.1,0.20785732685979477,0.6008808565971113,1.0053974179667466,1836
120,2,0.0,-0.05,0.20788884656727194,0.6026051244496626,1.0077261179175039,1836
365,40,0.0,-0.05,0.20790003893279285,0.6011371290350999,1.0061229852096525,1836
365,40,0.0,0.0,0.20799609618535098,0.6017134725504486,1.0074633646945588,1836
120,2,0.0,0.0,0.20800192708336368,0.6032836075462131,1.0089260539135072,1836
180,40,0.3,-0.1,0.20801399757950137,0.6016927861821982,1.0062188260156848,1836
180,40,0.3,-0.05,0.20806710661124742,0.6020114403726746,1.0070345664707065,1836
180,40,0.15,-0.1,0.2081372705397757,0.6018525327228385,1.0067142728618395,1836
180,40,0.3,0.0,0.20817187928552547,0.6026400764183428,1.0084617809552925,1836
180,40,0.15,-0.05,0.2081775967774594,0.6020944901489405,1.0074964580455925,1836
180,40,0.15,0.0,0.20827062371509703,0.6026526517747661,1.008884949826494,1836
270,40,0.0,-0.1,0.20853528727878223,0.6023847324632972,1.0076173634479342,1836
270,40,0.0,-0.05,0.20857411968730774,0.6026177269144506,1.0083380666975503,1836
120,20,0.0,-0.1,0.20865398918858993,0.6029925799737492,1.0082152479725592,1836
270,40,0.0,0.0,0.20866626282587908,0.6031705857458783,1.0096694774620347,1836
120,20,0.0,-0.05,0.20869265135970913,0.6032245530004643,1.0089269532378657,1836
120,20,0.0,0.0,0.2087838198861732,0.6037715641592487,1.0102450612561298,1836
120,40,0.3,-0.1,0.21007887352030927,0.6061064290329998,1.0125057658596177,1836
120,40,0.3,-0.05,0.210124031005859,0.6063773739462981,1.0132483447953315,1836
180,40,0.0,-0.1,0.2101840851998549,0.6059396720991268,1.0127252467267593,1836
180,40,0.0,-0.05,0.2102159885102355,0.6061310919614105,1.0134058813544957,1836
120,40,0.3,0.0,0.21022103869345155,0.6069594200718534,1.014599718187476,1836
120,40,0.15,-0.1,0.2102979235342245,0.6064406282574587,1.0132581540335495,1836
180,40,0.0,0.0,0.21030123113137575,0.6066425476882518,1.014692332796348,1836
120,40,0.15,-0.05,0.21032998495695104,0.606632996793818,1.013964913375795,1836
120,40,0.15,0.0,0.21041494364781127,0.6071427489389796,1.0152748988497284,1836
120,40,0.0,-0.1,0.21272166487206592,0.6112834392962936,1.0202695643899202,1836
120,40,0.0,-0.05,0.2127455194780782,0.6114265669323674,1.0208636281747465,1836
120,40,0.0,0.0,0.21282287805815417,0.6118907184128232,1.0220606750413974,1836
